repo,entries,resolved,invalid,ancestors,commits_total,history_years,file_age_years,unresolved_share
11ty/buildawesome,1,1,0,1,3738,8.84222589804041,2.81513800162243,0.0
AUTOMATIC1111/stable-diffusion-webui,1,1,0,1,7689,1.930040687504753,1.1913368887367861,0.0
ApeWorX/web3.py,21,21,0,21,5261,10.458592953836794,4.287170222070119,0.0
App-vNext/Polly,3,2,1,2,2981,13.402662813395189,3.7863550143230156,0.33333333333333337
ArduPilot/ardupilot,2,1,1,1,74182,16.38171255101782,2.8480579321621415,0.5
Arize-ai/phoenix,2,0,2,0,10155,3.890799205262758,0.6142371726620529,1.0
Automattic/wp-calypso,14,14,0,14,84931,10.862627607929626,4.428302564200066,0.0
BLAKE3-team/BLAKE3,1,1,0,1,787,6.773317774482217,2.8621833726265624,0.0
Bash-it/bash-it,4,4,0,4,4608,15.94718356275509,1.281288817907572,0.0
BerriAI/litellm,11,11,0,11,53388,3.1820446104900246,2.3861070867239587,0.0
Bogdanp/dramatiq,2,2,0,2,1400,9.292343492534286,1.1882619717595762,0.0
CTFd/CTFd,1,0,1,0,1725,11.733168967221841,0.17956029609349253,1.0
CapSoftware/Cap,1,1,0,1,8974,2.869623640581033,1.135574061398839,0.0
CesiumGS/cesium,24,24,0,24,46547,14.578883280097346,1.095850254772226,0.0
CherryHQ/cherry-studio,1,1,0,1,9341,2.354448595583948,1.2314212107384592,0.0
Choices-js/Choices,10,10,0,10,2271,10.499442194590209,2.0835232717316905,0.0
Cog-Creators/Red-DiscordBot,10,10,0,10,3069,9.361675729459781,3.353050675590032,0.0
DefinitelyTyped/DefinitelyTyped,35,35,0,35,91653,13.985283798514462,2.9838788754531396,0.0
EFForg/rayhunter,2,1,1,1,1337,2.8745183727533146,1.4431364869318326,0.5
EsotericSoftware/spine-runtimes,47,47,0,47,11359,13.609623260323978,4.98499420107993,0.0
Eventual-Inc/Daft,2,1,1,1,4584,4.39144757522752,2.036413605597384,0.5
FEX-Emu/FEX,6,6,0,6,15216,7.8672275775090625,2.4594408003143458,0.0
Flagsmith/flagsmith,5,5,0,5,6688,8.321257731893427,1.6129820708799147,0.0
GetStream/Vision-Agents,1,1,0,1,1164,1.1176274178011003,0.8488991241412528,0.0
Giskard-AI/giskard-oss,3,3,0,3,10747,4.5701500747838875,3.310497534666768,0.0
GoogleCloudPlatform/generative-ai,73,72,0,72,2248,3.3903066773138644,1.7059397419322129,0.013698630136986356
GothenburgBitFactory/taskwarrior,1,1,0,1,12057,18.43578871650569,2.1598712512992115,0.0
HKUDS/LightRAG,1,1,0,1,10859,1.9684190496108702,0.2851651583136867,0.0
JuliaLang/julia,6,6,0,6,63187,17.106188176540673,4.393531637386873,0.0
KevinMusgrave/pytorch-metric-learning,2,2,0,2,1309,5.817910487489543,4.673507712880574,0.0
Kong/insomnia,2,2,0,2,6526,10.538187536441301,0.9982836464116409,0.0
Lightning-AI/pytorch-lightning,8,8,0,8,11136,7.478322559383477,3.6115416571602403,0.0
MaaAssistantArknights/MaaAssistantArknights,3,3,0,3,20478,5.225509607828225,4.081167610971684,0.0
MaartenGr/BERTopic,3,3,0,3,251,5.927444038836921,2.168459103353867,0.0
ManimCommunity/manim,1,1,0,1,6345,11.523682440996781,2.3547687086470455,0.0
MetaMask/metamask-extension,16,15,1,15,32608,11.1677990404847,1.5727844956523944,0.0625
NVIDIA/DALI,12,12,0,12,4382,8.32760596496565,2.8773809161659947,0.0
NVIDIA/apex,3,3,0,3,1283,8.425590190635535,0.8296470580779274,0.0
NVIDIA/cuml,14,14,0,14,17074,7.977794667528583,1.4402229256977717,0.0
NVIDIA/nccl,14,14,0,14,1583,10.833860401297944,0.2960791695185946,0.0
NicolasHug/Surprise,1,1,0,1,661,11.294013201257384,3.792656444089538,0.0
NixOS/nix,3,3,0,3,24484,23.548836318351206,1.1966516465130428,0.0
OSGeo/gdal,201,201,0,201,65117,27.953910246660076,3.786970777245418,0.0
OctoPrint/OctoPrint,8,8,0,8,10469,14.794611820924278,5.978693436763252,0.0
OpenMW/openmw,4,4,0,4,38879,18.2732780376201,4.073438791289578,0.0
OpenRCT2/OpenRCT2,19,19,0,19,30697,12.49814348999924,0.4537020242350496,0.0
OpenVPN/openvpn,15,14,0,14,4806,21.007727805663293,6.301996729789337,0.06666666666666665
OrchardCMS/OrchardCore,2,2,0,2,9916,11.862162616929044,2.1273814865515757,0.0
PHP-CS-Fixer/PHP-CS-Fixer,7,7,0,7,11187,14.374569549015135,1.2392249727482445,0.0
Portkey-AI/gateway,1,1,0,1,3457,2.7544884591984182,2.155149441022131,0.0
PostgresApp/PostgresApp,3,3,0,3,2259,14.483413662635941,1.6163804915456181,0.0
PrismLauncher/PrismLauncher,4,4,0,4,11641,13.721051188937055,3.2637432504372956,0.0
PyGithub/PyGithub,5,4,1,4,2550,14.574417509569802,6.750000792202195,0.19999999999999996
Qiskit/qiskit,4,4,0,4,10634,9.574314428220143,5.402521991532943,0.0
RSS-Bridge/rss-bridge,2,2,0,2,4518,13.149340761021117,4.230215352244784,0.0
Rapptz/discord.py,1,1,0,1,5432,11.02931591756027,1.0306549610870281,0.0
Redot-Engine/redot-engine,24,24,0,24,77622,12.732638096686694,4.515811880497883,0.0
RfidResearchGroup/proxmark3,377,377,0,377,23439,17.47173083504449,0.2925772555580906,0.0
SWE-agent/SWE-agent,5,5,0,5,2182,2.286834962101047,2.1326059015894745,0.0
SixLabors/ImageSharp,3,3,0,3,14518,14.33427953963546,4.034976899383984,0.0
Stirling-Tools/Stirling-PDF,6,5,1,5,6252,3.674423593682663,2.7516699305397117,0.16666666666666663
SwiftGGTeam/the-swift-programming-language-in-chinese,3,3,0,3,12075,12.519795833650214,3.1181524894161785,0.0
TagStudioDev/TagStudio,3,3,0,3,1125,2.4537010419043273,2.0463050738966206,0.0
TeamAmaze/AmazeFileManager,2,2,0,2,7149,12.194695699292723,2.589314650036758,0.0
TryGhost/Ghost,1,1,0,1,54397,13.409408098207722,0.1111449539888965,0.0
TypeStrong/ts-node,2,2,0,2,839,8.411315879534566,1.416180666463863,0.0
WebAssembly/binaryen,2,2,0,2,9035,10.921397476360687,4.734029615686871,0.0
WebAssembly/wabt,1,1,0,1,2638,11.08061348138008,3.902226848683043,0.0
WordPress/gutenberg,10,10,0,10,42549,10.219968280224098,4.678695940122189,0.0
XAMPPRocky/tokei,2,2,0,2,1119,11.282279736101605,3.197721879990874,0.0
XRPLF/rippled,37,37,0,37,14529,14.962035737825436,6.436529267117905,0.0
YOURLS/YOURLS,2,1,1,1,2270,17.384821310872816,1.028004189165209,0.5
ZoneMinder/zoneminder,1,1,0,1,29506,24.04026164854108,5.651500621086521,0.0
a2aproject/A2A,1,1,0,1,632,1.4744985993865187,1.3985815461251807,0.0
abhigyanpatwari/GitNexus,2,0,2,0,2140,0.7360613291251553,0.5063724744594013,1.0
aio-libs/aiohttp,4,4,0,4,14202,12.997404175222451,5.915896836261313,0.0
akka/akka-core,1,1,0,1,27409,17.618068008974067,3.8711977780312825,0.0
alibaba/MNN,0,0,0,0,3159,7.448621029482597,0.5168612315258448,
alicevision/Meshroom,39,39,0,39,6161,9.03077974877684,2.893153788627779,0.0
alshedivat/al-folio,2,2,0,2,1124,10.941976386036961,2.716606934621137,0.0
andrewyng/aisuite,1,1,0,1,686,2.217988345121302,0.27384503257535425,0.0
angr/angr,9,9,0,9,14952,13.124747667756736,3.698896177149086,0.0
angular/angular,44,44,0,42,38673,12.033166305422466,1.5904189482089892,0.045454545454545414
angular/components,1,0,1,0,15585,10.736643914619616,1.4594596547265952,1.0
ankidroid/Anki-Android,435,421,0,421,24025,17.32683258549446,2.6754940806651963,0.03218390804597704
ansible/ansible,3,3,0,3,55568,14.600418472887672,3.9114400968387963,0.0
ansible/awx,1,1,0,1,35027,13.58562739245063,0.11224909372068852,0.0
antiwork/gumroad,8,0,8,0,4628,1.4946587826704185,1.4946587826704185,1.0
antiwork/shortest,3,3,0,3,748,1.6940911856414937,1.2476670279108677,0.0
apache/airflow,7,7,0,7,41603,11.984609697822394,4.045856845894491,0.0
apache/cassandra,1,1,0,1,32383,17.57989400334626,0.7487721816614699,0.0
apache/flink,3,3,0,3,38565,15.793301993814485,5.756620116865668,0.0
apache/hbase,2,2,0,2,21301,19.49465396608107,3.8323632659010824,0.0
apache/incubator-kie,0,0,0,0,49601,20.81873941617867,4.530196180951656,
apache/iotdb,2,2,0,2,14336,9.399894510355667,5.612898129135296,0.0
apache/maka,1,1,0,1,4916,0.36540915658985473,0.20222919360154132,0.0
apache/maven,1,1,0,1,16483,23.07989403503435,3.8550096648667833,0.0
apify/apify-mcp-server,1,1,0,1,1183,1.7407598803457804,0.34480990316120363,0.0
apollographql/apollo-client,7,4,3,4,13672,10.589813325474687,3.5055705757091795,0.4285714285714286
apple/foundationdb,3,3,0,3,31717,9.350792740892844,4.261044502750526,0.0
apple/pkl,2,1,1,1,914,2.6605894301214286,2.2478133635003927,0.5
apple/swift-nio,1,1,0,1,3079,9.446103981291353,2.198894370928081,0.0
asdf-vm/asdf,10,10,0,10,2124,11.980563414201333,3.6478342459502624,0.0
aseprite/aseprite,2,2,0,2,10703,19.03239983395442,1.7847171838162599,0.0
astral-sh/ruff,21,21,0,21,17446,4.142640885238421,0.5452272669658023,0.0
astropy/astropy,27,27,0,27,41835,15.18467063401526,3.9152602225771287,0.0
awsdocs/aws-doc-sdk-examples,2,2,0,2,17210,10.115009696554871,2.68014278652369,0.0
babel/babel,2,2,0,2,18653,14.0156597143002,6.034162230334372,0.0
baserow/baserow,1,1,0,1,7470,7.6245343435495725,5.470068066012624,0.0
beetbox/beets,153,141,12,141,15448,18.37967570410931,2.0225136892539357,0.07843137254901966
beeware/toga,2,2,0,2,11089,12.446832838999164,3.928996945268335,0.0
bentoml/OpenLLM,13,13,0,13,1924,3.071217392957639,2.8393234910132583,0.0
bilawalsidhu/gods-eye-view,2,2,0,2,517,0.2678814612011053,0.03674620376707988,0.0
binwiederhier/ntfy,6,6,0,6,4005,4.933834543818288,3.3517754835602203,0.0
biomejs/biome,2,2,0,2,11046,6.591308876467158,6.36153934392983,0.0
bitsandbytes-foundation/bitsandbytes,7,6,1,6,1220,4.910785135751768,2.5960993548305322,0.1428571428571429
bitwarden/clients,11,11,0,11,23212,10.812083174892894,4.776465067051994,0.0
bitwarden/server,4,4,0,4,7887,10.811598473901691,4.789815765457449,0.0
blender/blender,31,27,4,27,165531,23.96942235784724,5.926618690901717,0.12903225806451613
borgbackup/borg,1,1,0,1,11469,16.622106560701702,4.23323437143509,0.0
boto/boto3,1,1,0,1,7931,12.073612030065657,2.285940185565442,0.0
bpftrace/bpftrace,1,1,0,1,4984,9.800974630516896,2.666019120592187,0.0
brndnmtthws/conky,17,17,0,17,4675,21.198296163206326,1.8086181458666057,0.0
cakephp/cakephp,4,4,0,4,49101,21.376801911425456,2.0539913681648794,0.0
callstack/linaria,0,0,0,0,1047,9.217395017365073,3.9265210599031612,
changesets/changesets,1,1,0,1,985,7.505005038405963,0.38476024792759905,0.0
chocolatey/choco,161,159,0,159,5125,12.785571399599462,4.106773011889371,0.012422360248447228
clash-verge-rev/clash-verge-rev,8,8,0,8,4833,4.822221937029432,0.5432777524273076,0.0
cloud-custodian/cloud-custodian,1,1,0,1,5268,11.209557475853677,3.2064451669328466,0.0
cloudflare/workerd,10,9,1,9,11854,4.031439209572338,2.111824568408244,0.09999999999999998
cmderdev/cmder,14,13,1,10,1952,13.096851376530534,0.09139221613810936,0.2857142857142857
coder/code-server,1,1,0,1,4307,7.650200585595863,1.7992128678986996,0.0
coder/coder,2,2,0,2,16846,4.739926895581413,3.0670642254163814,0.0
comet-ml/opik,2,1,1,1,7306,2.0757803191624205,0.5340325943671255,0.5
compiler-explorer/compiler-explorer,1,1,0,1,11260,14.356429639769818,4.393148528405202,0.0
conda/conda,2,2,0,2,18151,13.954006895327908,3.981367404365351,0.0
crablang/crab,9,9,0,9,230603,14.176003371612543,2.398435971049763,0.0
curl/curl,1,1,0,1,39941,26.755208951251046,4.3001673447917454,0.0
cvxpy/cvxpy,3,3,0,3,4047,13.236916907496134,0.5003683423327503,0.0
dahlbyk/posh-git,1,1,0,1,1447,14.483866802291683,2.436557057570918,0.0
dask/dask,8,8,0,8,9843,11.771474446725987,4.448002129439501,0.0
dbcli/mycli,4,4,0,4,3921,11.487558749714808,8.377311392501332,0.0
dbcli/pgcli,0,0,0,0,2458,11.938547639871219,8.344275863817273,
dendronhq/dendron,19,3,16,3,6380,5.141003878621948,4.93880827439349,0.8421052631578947
dependabot/dependabot-core,6,6,0,6,24930,10.996380428169443,3.0610057482191295,0.0
detekt/detekt,1,1,0,1,7448,9.952470403325982,4.42780455421198,0.0
dexie/Dexie.js,1,0,1,0,2932,12.585813845159327,0.5058604266484144,1.0
dicedb/dicedb,2,2,0,2,12721,16.96713279843841,1.4807843752376606,0.0
discordjs/discord.js,1,1,0,1,8759,11.141617360002028,1.3287120376707988,0.0
discourse/discourse,38,38,0,38,68585,13.649307298400386,6.6489250449970845,0.0
django-commons/django-debug-toolbar,0,0,0,0,3006,18.05397847111314,0.9164221613810937,
django-oscar/django-oscar,1,1,0,1,9261,15.811027105990316,3.249752737850787,0.0
django/django,21,21,0,21,34961,21.216127747357213,4.6423982495500296,0.0
dlt-hub/dlt,1,1,0,1,4483,4.37451960858874,2.8526561588967474,0.0
docling-project/docling,1,1,0,1,1530,2.2102171584657895,0.09933369457753441,0.0
dolphin-emu/dolphin,49,49,0,49,46133,18.21863389484625,7.014381258397343,0.0
domaindrivendev/Swashbuckle.AspNetCore,1,1,0,1,2573,11.543258264253302,1.5267772580931376,0.0
dotnet/aspnetcore,1,1,0,1,57547,12.799778088321037,4.482177668770755,0.0
dotnet/msbuild,2,2,0,2,11861,11.55514611377291,2.8990755317261137,0.0
dotnet/runtime,21,21,0,21,146960,25.284079619489443,0.53723385175045,0.0
elastic/elasticsearch,6,6,0,6,106456,16.642705212056683,5.3083447093568585,0.0
electron/electron,3,3,0,3,31260,13.550258638172737,4.5665544274596295,0.0
electron/forge,2,2,0,2,3471,9.982862131467538,1.0899793393667452,0.0
element-hq/element-web,2,2,0,2,70652,11.31018787867265,3.795623304687302,0.0
emacs-lsp/lsp-mode,11,11,0,11,4252,9.756376340406115,6.079456580982077,0.0
emscripten-core/emscripten,6,6,0,6,31032,16.098096908510154,3.1628722082794636,0.0
enso-org/enso,4,4,0,4,7452,7.010797557482191,3.1708267105229804,0.0
enyo/dropzone,1,1,0,1,1216,14.623214693132558,0.09285449463837554,0.0
eslint/eslint,3,3,0,3,11048,13.254672345172002,1.534885669379167,0.0
esp8266/Arduino,4,4,0,4,4475,11.781382234390447,4.483215738839456,0.0
espressif/esptool,23,23,0,23,1724,12.062725460744797,4.505542341622937,0.0
eza-community/eza,9,8,1,8,3372,12.183332034121733,2.790520666970872,0.11111111111111116
falcosecurity/falco,1,1,0,1,5490,10.693000608411285,2.050260507769919,0.0
firecracker-microvm/firecracker,5,5,0,5,8435,8.937165025223718,4.25534761832332,0.0
fivetran/great_expectations,16,16,0,16,13838,9.315636708748448,3.642688956067635,0.0
foliojs/pdfkit,1,1,0,1,947,15.222315480264658,1.4631079993408878,0.0
fonttools/fonttools,1,1,0,1,13340,26.788698158288337,3.797381074606434,0.0
formbricks/formbricks,1,0,1,0,6081,4.320624667275078,0.15029216416964536,1.0
foundry-rs/foundry,2,2,0,2,8797,5.057441598854159,3.622547658884072,0.0
frappe/erpnext,16,13,3,13,61519,15.315317736456512,5.4015214718483024,0.1875
frappe/frappe,20,18,2,18,62212,15.31524919512257,5.440737508555784,0.09999999999999998
frappe/hrms,7,7,0,7,11200,15.071111427991989,4.242891316196415,0.0
gabime/spdlog,5,5,0,5,4509,12.680569751818897,2.9714427903262606,0.0
geopandas/geopandas,7,7,0,7,2262,13.255138603696098,3.641133768093898,0.0
getmoto/moto,5,4,1,4,10870,13.620099849164703,3.8707731893426622,0.19999999999999996
getpelican/pelican,10,10,0,10,4022,15.683748732476488,2.471906703931858,0.0
getsentry/sentry-javascript,11,11,0,11,16774,14.837455097979568,3.704130035237154,0.0
getsentry/sentry,39,39,0,39,111490,18.386261185895,6.4844138020635285,0.0
getsops/sops,1,1,0,1,2710,11.107220669505919,1.4840124724313637,0.0
gitbucket/gitbucket,4,4,0,4,6435,13.473555625269348,2.8705674702765736,0.0
gitextensions/gitextensions,15,15,0,15,17356,17.83991973407357,0.4906294838644257,0.0
github/codeql,10,10,0,10,90540,8.161712646082085,3.5596983610920985,0.0
gitkraken/vscode-gitlens,16,15,1,15,12182,10.144529241767435,3.5599852333510786,0.0625
godotengine/godot-docs,1,1,0,1,12042,10.799324853601034,0.15436915354779832,0.0
godotengine/godot,29,29,0,29,86830,12.737362061753746,4.520535845564935,0.0
google/flax,1,1,0,1,5920,6.708978692929754,3.1817823281871878,0.0
google/gson,2,2,0,2,2245,18.041624743326487,2.838802538849596,0.0
google/perfetto,3,3,0,3,83113,9.014148224199559,3.894662331736254,0.0
gradio-app/gradio,7,0,7,0,7641,8.027758638172738,3.2742074492356834,1.0
grafana/pyroscope,1,0,1,0,5911,5.819500215478997,5.012156089182954,1.0
graphql-dotnet/graphql-dotnet,2,2,0,2,2664,11.18279656881385,1.9780439260273277,0.0
gristlabs/grist-core,11,11,0,11,5053,6.364039977691586,0.7691667617309301,0.0
grokability/snipe-it,23,23,0,23,25406,10.51752611098436,0.5419268575557077,0.0
growthbook/growthbook,1,1,0,1,4627,5.399430089740664,1.1177044198544883,0.0
grpc-ecosystem/grpc-gateway,1,1,0,1,6050,11.498207373184272,4.455622797677897,0.0
grpc/grpc,1,1,0,1,59030,11.858463507998074,3.310923581007428,0.0
guardian/frontend,5,2,3,2,106588,14.608828649833955,2.3602180140441607,0.6
guidance-ai/guidance,4,4,0,4,1920,3.5262115623494816,2.0920017681953,0.0
halide/Halide,18,18,0,18,23834,16.120053552868406,0.5392372043501407,0.0
handlebars-lang/handlebars.js,3,0,3,0,2080,15.900443538165133,3.65273309757396,1.0
hashicorp/nomad,2,2,0,2,28305,11.332586825360611,4.231979744974269,0.0
hashicorp/terraform,4,4,0,4,35992,12.357858075392299,0.6134113494055314,0.0
headroomlabs-ai/headroom,1,1,0,1,3020,0.7307769285370244,0.4371072261515451,0.0
hibernate/hibernate-orm,15,13,2,13,29546,19.2557655525135,2.032992654701245,0.1333333333333333
highlight/highlight,1,1,0,1,7064,5.999274532917585,3.9678524982888432,0.0
highlightjs/highlight.js,1,1,0,1,6835,20.031195559865136,4.50967557735696,0.0
home-assistant/core,5,5,0,5,118144,13.037678213805867,2.5263903465409285,0.0
huggingface/sentence-transformers,4,4,0,4,3171,7.160840843410146,0.5481766357390929,0.0
huggingface/transformers,1,1,0,1,24166,7.92254639136056,0.6207890650746571,0.0
hylang/hy,2,2,0,2,4544,13.623303419778438,4.479217779552311,0.0
ibis-project/ibis,21,21,0,21,10186,11.881402166197683,4.437714781859204,0.0
icsharpcode/ILSpy,1,1,0,1,9877,18.98785123076533,6.092462512992116,0.0
immutable-js/immutable-js,2,2,0,2,2180,12.264830563794458,1.5521750069713793,0.0
instantdb/instant,3,3,0,3,2541,2.100520033209116,1.6452359495018634,0.0
instructure/canvas-lms,122,122,0,122,78765,15.242969395644788,4.41534181940325,0.0
inventree/InvenTree,1,1,0,1,18347,9.520615097472557,2.4889874705300783,0.0
invoke-ai/InvokeAI,5,5,0,5,19186,4.777772137298147,3.5790028392526683,0.0
ipython/ipython,7,7,0,7,28699,21.190694856389587,6.648680888280477,0.0
janestreet/magic-trace,4,4,0,4,344,4.336358341572236,0.46219430501685804,0.0
jart/cosmopolitan,14,14,0,14,2769,6.093077705528938,2.1299401095140316,0.0
javaparser/javaparser,2,2,0,2,10218,14.916675856212132,2.297810606636753,0.0
jd-opensource/nutui,1,1,0,1,3798,5.421220181509367,2.011777543285928,0.0
jemalloc/jemalloc,2,1,1,1,3866,17.271073687479404,1.3611709699089918,0.5
jenkinsci/docker,1,1,0,1,2388,12.226810942530484,1.5146911678961645,0.0
jenkinsci/jenkins,2,2,0,2,38702,19.896978192257965,4.094067641392248,0.0
joomla/joomla-cms,4,4,0,4,53011,21.039405436408344,3.351510317641392,0.0
jupyter/notebook,1,1,0,1,13841,21.22813822977666,4.491804509848658,0.0
jupyterlab/jupyterlab,5,5,0,5,27170,11.188958919562959,4.506020831748929,0.0
jupytext/jupytext,1,1,0,1,2696,8.290576818262478,1.0812122594874134,0.0
laramies/theHarvester,1,1,0,1,4900,15.409573193145233,3.181253073744518,0.0
libfuse/sshfs,1,1,0,1,478,21.841450268714986,5.0453933759221234,0.0
libgdx/libgdx,3,3,0,3,15649,16.551587668263746,5.026045136512282,0.0
libigl/libigl,1,0,1,0,5363,15.006117480416762,1.8886100337161253e-05,1.0
libp2p/rust-libp2p,1,1,0,1,3937,9.480838942124876,4.072332053134586,0.0
libusb/libusb,3,3,0,3,2181,18.828321196795702,0.32079438867340987,0.0
libvips/libvips,1,1,0,1,9462,19.088286593403808,3.2091201485537555,0.0
lichess-org/lila,42,42,0,42,79892,14.614139700103937,4.236668314447233,0.0
lightdash/lightdash,1,0,1,0,24526,5.370940724262935,0.5987926204781099,1.0
lightgbm-org/LightGBM,4,4,0,4,3888,10.150980619565493,2.58362866631176,0.0
linera-io/linera-protocol,2,2,0,2,5465,4.665334404390701,2.4625566899890994,0.0
linuxmint/cinnamon,3,3,0,3,9497,14.804761864020078,2.874144960326514,0.0
lllyasviel/stable-diffusion-webui-forge,1,1,0,1,8627,2.845061348138008,2.1063575493700406,0.0
locustio/locust,10,10,0,10,6572,16.267575005703854,6.080956188049789,0.0
macvim-dev/macvim,10,10,0,10,34930,22.293371105534007,1.904253999036682,0.0
mamba-org/mamba,24,23,0,23,3427,7.555353322179126,3.1951482051867064,0.04166666666666663
marimo-team/marimo,1,1,0,1,6829,3.129764525819454,1.5940161799376378,0.0
markbates/goth,1,1,0,1,825,11.327457791467031,2.9552333193905747,0.0
matomo-org/matomo,64,64,0,64,31517,19.18847890840875,3.2815784470301925,0.0
matplotlib/matplotlib,6,6,0,6,55405,23.38535110401298,4.463164911146602,0.0
mermaid-js/mermaid-live-editor,2,2,0,2,3476,6.879314776789109,3.9065271123279337,0.0
meteor/meteor,5,4,1,4,43123,14.846108639440262,0.4899895746191092,0.19999999999999996
mhammond/pywin32,9,3,6,3,5006,27.02070464800872,5.0019724250259845,0.6666666666666667
micropython/micropython,24,24,0,24,19123,12.986919315790807,5.543702531244454,0.0
microsoft/terminal,5,4,1,4,5048,9.13601300479124,3.8737229700610945,0.19999999999999996
microsoft/vscode,11,11,0,11,166644,10.882254322255179,2.929150030420564,0.0
mlflow/mlflow,4,4,0,4,13662,8.321937061119984,4.066623760995767,0.0
modelcontextprotocol/python-sdk,2,2,0,2,1065,2.015078871650569,1.6270215415620959,0.0
modelcontextprotocol/typescript-sdk,0,0,0,0,1643,2.014493117347327,1.2875222450376453,
mongodb/mongo,36,11,25,11,103455,18.9496255418663,3.6345400157172914,0.6944444444444444
mozilla/pdf.js,3,3,0,3,23860,15.428816513296322,2.691823586077522,0.0
mruby/mruby,4,4,0,4,21074,14.449997084695921,5.401480816031637,0.0
mui/material-ui,19,19,0,19,28755,12.119049547494106,5.377203399498061,0.0
musescore/MuseScore,4,4,0,4,49198,14.354012884376505,6.343333998783177,0.0
n8n-io/n8n,5,3,2,3,25104,7.2740320556696325,3.0326399345957866,0.4
nasa/openmct,5,5,0,5,8127,11.90588194286004,3.350471962379902,0.0
naudio/NAudio,1,1,0,1,1490,19.430039071412274,0.24186164347098638,0.0
navidrome/navidrome,2,2,0,2,5173,10.59750174284483,6.442470751894947,0.0
neondatabase/neon,1,1,0,1,8475,5.431520331077142,4.024117233249677,0.0
neovim/neovim,71,71,0,71,38329,12.66443915253378,5.090704172687404,0.0
netblue30/firejail,22,22,0,22,11168,11.117334905062489,5.204940870028139,0.0
netease-youdao/LobsterAI,0,0,0,0,4185,0.5932000215478997,0.47906992293457046,
networkx/networkx,19,19,0,19,8436,21.21311104139732,4.51256435850635,0.0
ng-bootstrap/ng-bootstrap,1,0,1,0,2552,10.767400372651913,3.6770604862220195,1.0
nix-community/home-manager,41,41,0,41,7406,9.70997708951251,1.483346674018303,0.0
nix-darwin/nix-darwin,1,1,0,1,2406,9.833338910436789,1.5282878292392323,0.0
ntop/ntopng,1,1,0,1,28044,11.420370338682282,3.4755771985195327,0.0
observablehq/plot,1,1,0,1,2130,5.837097719725201,4.113148496717114,0.0
obsproject/obs-studio,11,11,0,11,15774,12.998454635333486,7.263850673054985,0.0
official-stockfish/Stockfish,5,5,0,5,7293,18.07948250183791,2.730331045453393,0.0
ohmybash/oh-my-bash,1,1,0,1,786,9.457274412502851,3.381967893629427,0.0
onnx/onnx,4,4,0,4,4104,9.065008333967095,4.140277080639846,0.0
onyx-dot-app/onyx,6,6,0,6,10429,3.4297579030091008,0.7438906951098943,0.0
openbao/openbao,1,1,0,1,21179,11.598319675767485,0.1801102745455928,0.0
openjdk/jdk,58,58,0,58,89965,18.83445290516389,0.31185315106345224,0.0
opennextjs/opennextjs-aws,1,0,1,0,932,3.829022802747991,1.885787195477476,1.0
openscad/openscad,2,2,0,2,12230,17.280612784242148,4.512429335564175,0.0
openssl/openssl,2,2,0,2,41287,27.77572451643978,2.5544808857454306,0.0
orhun/git-cliff,1,1,0,1,1603,5.358058439171547,1.1460593961517986,0.0
otter-sec/anchor,3,3,0,3,2133,5.745956853499632,0.4987467995031308,0.0
oven-sh/bun,3,3,0,3,18323,5.454674373209623,1.4542512104849545,0.0
oxc-project/oxc,6,5,1,5,20837,3.6414315093669987,3.365125706644358,0.16666666666666663
paramiko/paramiko,1,1,0,1,4075,22.818638172738105,3.3187656856034677,0.0
payloadcms/payload,12,12,0,12,15989,8.465117087484472,3.064856548026466,0.0
pbek/QOwnNotes,38,37,1,37,10899,11.835834030471265,3.6774712905924405,0.02631578947368418
phoenixframework/phoenix_live_view,1,1,0,1,5017,7.935922218419652,0.4328989213374908,0.0
phpDocumentor/TypeResolver,8,8,0,8,579,11.299159885415875,0.8556337300681928,0.0
pixel-agents-hq/pixel-agents,1,0,1,0,219,0.5213219319593378,0.4420858050041828,1.0
playframework/playframework,26,25,1,25,15317,15.066059459527974,3.946866650188861,0.038461538461538436
pmndrs/react-spring,2,1,1,1,3719,8.568564497933936,0.36323291378305067,0.5
portainer/portainer,3,3,0,3,6125,13.276314548634877,4.667862765229295,0.0
postgres/postgres,186,186,0,186,65510,30.228141652090148,5.274259322635435,0.0
postgresml/postgresml,1,1,0,1,1814,3.238569187770933,3.151626074226177,0.0
ppy/osu,5,5,0,5,77168,10.097339119578168,4.503991970238548,0.0
prettier/prettier,29,29,0,29,11934,9.835762098511927,5.952593606611402,0.0
promptfoo/promptfoo,1,0,1,0,10019,3.503337516160925,0.7844579118817654,1.0
psf/requests,1,1,0,1,6495,15.603204140999315,4.3968423137374195,0.0
pwr-Solaar/Solaar,5,5,0,5,3000,14.734304351408218,6.113506540421325,0.0
py-pdf/pypdf,4,4,0,4,2577,14.751482463812204,4.195328890663422,0.0
pydantic/pydantic,7,7,0,7,5775,9.410293811950211,2.3146920234745356,0.0
pyinfra-dev/pyinfra,2,2,0,2,4575,11.92304969325931,4.433546594164322,0.0
pylint-dev/pylint,2,2,0,2,10345,20.429900911349407,3.224239866149517,0.0
pymc-devs/pymc,1,0,1,0,10591,20.14533776332801,3.658619001444977,1.0
pypa/pip,38,11,27,11,16255,17.93853011635866,3.342862416660329,0.7105263157894737
pytest-dev/pytest,13,13,0,13,17787,19.678838251324564,2.6607631125307374,0.0
python-pillow/Pillow,3,3,0,3,21349,16.16998057520217,2.8817422427561032,0.0
python-telegram-bot/python-telegram-bot,2,2,0,2,3244,11.234839341394784,4.395462360889295,0.0
python-trio/trio,2,2,0,2,6656,9.71933087433772,3.2355875922123354,0.0
python/mypy,6,6,0,6,13840,13.914540712855224,4.180352720105458,0.0
pythonnet/pythonnet,1,1,0,1,2152,20.555074023373134,0.8054903414708343,0.0
pytorch/pytorch,52,52,0,52,111672,14.682218007706544,4.387419068623723,0.0
pytorch/vision,6,6,0,6,4279,9.884883989910513,4.506284381575278,0.0
qemu/qemu,4,4,0,4,133625,23.613144313889524,3.4908514906076507,0.0
qpdf/qpdf,58,57,1,57,4844,18.410296854006642,3.335115217887292,0.017241379310344862
qtile/qtile,7,6,1,6,6385,18.199636917889826,2.0442144523030903,0.1428571428571429
quantumlib/Cirq,16,16,0,16,4893,8.780734244682739,5.5331734986184,0.0
quarto-dev/quarto-cli,1,1,0,1,20688,6.012365230562527,1.0955806208330165,0.0
quartznet/quartznet,2,2,0,2,3414,19.812702296752605,3.197778411539534,0.0
questdb/questdb,1,1,0,1,6338,12.424378533221791,3.776385751768195,0.0
rabbitmq/rabbitmq-server,6,6,0,6,63148,18.286506261566153,3.6746680039039723,0.0
rails/rails,60,60,0,60,99820,21.849955826805587,1.894880028899536,0.0
rainmeter/rainmeter,1,1,0,1,5220,17.630501685806273,0.15648753390625397,0.0
rapid7/metasploit-framework,5,5,0,5,83145,21.523114558775067,4.424134820138414,0.0
ray-project/ray,2,2,0,2,31933,10.645210535655437,4.355611928663777,0.0
react/react,2,2,0,2,21709,13.335276034932948,2.335811753745532,0.0
readthedocs/readthedocs.org,5,5,0,5,21664,16.13063506096788,1.5535535972317287,0.0
redpanda-data/redpanda,7,7,0,7,52502,7.558035940629199,1.9210888343853778,0.0
reduxjs/redux,2,2,0,1,4304,11.33774498060689,4.025017808705352,0.5
refined-github/refined-github,14,14,0,14,4997,10.622005760894364,3.3936551892412603,0.0
renpy/renpy,2,2,0,2,19287,20.61465048039141,1.2323936230892083,0.0
rime/squirrel,0,0,0,0,648,14.520842174309834,2.465446453469212,
rime/weasel,1,1,0,1,1098,14.963263017466474,2.470367993763784,0.0
risingwavelabs/risingwave,19,19,0,19,15111,5.205579606814206,4.315071266509494,0.0
robotframework/robotframework,3,3,0,3,15657,18.333451751717494,1.4124832053134586,0.0
rocketride-org/rocketride-server,2,2,0,2,1030,0.6068355958628032,0.5724329480061855,0.0
rtk-ai/rtk,1,1,0,1,2176,0.6880255469363956,0.0466518366415697,0.0
ruby/ruby,35,35,0,35,102550,28.705799490455547,4.196012624534185,0.0
rust-lang/book,1,1,0,1,6287,10.726128476183233,1.748666850457576,0.0
rust-lang/cargo,78,78,0,78,23341,12.574466150784597,1.3365623494815828,0.0
rust-lang/futures-rs,1,1,0,1,3516,10.52053274013233,5.413478654904049,0.0
rust-lang/mdBook,12,12,0,12,3315,11.203491044946384,1.1541947106243822,0.0
rust-lang/rust-analyzer,8,8,0,8,41699,8.766443772656983,4.364226683904986,0.0
rust-lang/rust,18,18,0,18,341935,16.290873513828682,4.513306113265901,0.0
rust-windowing/winit,3,3,0,3,3784,12.16499274342789,2.4147487768398106,0.0
saltstack/salt,2,2,0,2,126247,15.575864736228358,6.699321653104165,0.0
scala/scala3,2,2,0,2,52909,13.817034692118538,1.4720036061043933,0.0
scikit-image/scikit-image,5,3,2,3,14719,17.089962417927854,3.9903640327528076,0.4
scikit-learn/scikit-learn,15,15,0,15,34032,16.733594760057798,5.285995386214414,0.0
scipy/scipy,25,24,1,24,38397,25.66167300428423,3.6675062742413873,0.040000000000000036
scrapy/scrapy,3,3,0,3,11553,17.40732400436028,3.8362085202930514,0.0
secdev/scapy,23,23,0,23,7064,23.516484174968944,3.2255040941009456,0.0
semantic-release/semantic-release,2,1,1,1,2228,11.276218438664538,3.684578992065303,0.5
serenity-rs/serenity,5,5,0,5,3358,9.565535021674652,4.068060403832991,0.0
sgl-project/sglang,1,1,0,1,19208,2.9770274672345174,0.07714810378482521,0.0
shap/shap,6,6,0,6,3085,9.847731639921921,3.2667026326463358,0.0
simonw/datasette,3,3,0,3,3549,8.922366529774127,4.424382430856593,0.0
software-mansion/react-native-gesture-handler,1,1,0,1,2544,9.924271395796891,3.910008587471798,0.0
software-mansion/react-native-reanimated,4,4,0,4,5254,8.43305910462139,3.907022745709433,0.0
software-mansion/react-native-svg,1,1,0,1,2281,10.650036346236723,3.8546632506908005,0.0
solidusio/solidus,6,6,0,6,30961,18.593077705528938,3.847532733794712,0.0
spack/spack,3,3,0,3,42376,13.626230987147311,4.1675675906913074,0.0
spectreconsole/spectre.console,2,0,2,0,1041,6.186518112910995,4.7651408218622455,1.0
sphinx-doc/sphinx,203,203,0,203,22414,19.156820512333002,3.456596128983193,0.0
spring-projects/spring-boot,3,3,0,3,62932,13.936653674550662,3.5975301036834235,0.0
spyder-ide/spyder,8,8,0,8,32526,17.137065049306663,4.173216435977388,0.0
sqlalchemy/sqlalchemy,5,5,0,5,18350,21.250881911171952,4.428326900651507,0.0
statelyai/xstate,5,5,0,3,6979,11.003976031130378,2.152709204755748,0.4
storybookjs/storybook,9,9,0,9,86724,10.805892051360052,2.7206954584632546,0.0
streamlink/streamlink,11,11,0,11,6108,15.12778962912262,3.6349895112429333,0.0
supercollider/supercollider,5,5,0,5,27169,24.064812945217632,2.2951375579892006,0.0
swig/swig,1,1,0,1,25921,27.159936021750703,0.17193230790681166,0.0
symfony/symfony,9,9,0,9,84394,16.737388362866632,2.686795288615104,0.0
sysadminsmedia/homebox,1,0,1,0,2396,4.080902730245646,0.2735754937004081,1.0
taichi-dev/taichi,3,3,0,3,10898,8.679309041245215,2.8506490037265193,0.0
teambit/bit,5,5,0,5,16617,9.906134370167567,3.731947011179557,0.0
tensorflow/tensorboard,61,61,0,61,5953,10.797955326133799,6.650798032803508,0.0
tianocore/edk2,27,27,0,27,36868,20.444162040205846,3.459087478135219,0.0
timber/timber,11,11,0,11,7326,13.742254702512232,4.217515146905975,0.0
timescale/timescaledb,25,25,0,25,7143,9.949917103962278,4.500094018556545,0.0
tmuxinator/tmuxinator,1,1,0,1,934,15.793617131847796,2.481130726037468,0.0
treeverse/dvc,1,1,0,1,9568,9.423228223946055,3.5017114419347477,0.0
triton-lang/triton,13,12,1,12,7119,5.17785820214465,2.6307048381372473,0.07692307692307687
twisted/twisted,3,3,0,3,31991,25.18072293203539,6.153266313027607,0.0
typelevel/cats,14,14,0,14,7337,11.64956701396811,4.1150027885517275,0.0
typescript-eslint/typescript-eslint,16,16,0,16,6903,7.711839873754658,1.8855246279818492,0.0
unionlabs/union,9,9,0,9,16378,3.2639741932212845,2.3673235607270513,0.0
unit8co/darts,6,6,0,6,1579,8.046504994042639,4.715192251628768,0.0
v8/v8,95,95,0,95,104706,18.25185521078916,8.976374502497022,0.0
valhalla/valhalla,3,3,0,3,14643,11.861694615560118,1.1648951124293356,0.0
valkey-io/valkey,3,3,0,3,14137,17.52721125814384,2.0532957829492737,0.0
vercel/turborepo,1,0,1,0,10747,7.1104012345679015,4.480172985271377,1.0
verl-project/verl,3,3,0,3,3060,1.9135156032144396,0.7642018087560524,0.0
vim/vim,10,10,0,10,24596,22.298136296803307,1.90901919030598,0.0
vitejs/vite,3,3,0,3,9730,6.447394225162877,3.819216892285852,0.0
vllm-project/vllm,2,2,0,2,22309,3.640874147590438,0.9663427510330317,0.0
vosen/ZLUDA,1,1,0,1,569,6.711351338504829,1.0328507554440134,0.0
vuejs/core,1,1,0,1,7198,7.995825189494765,2.728644003346262,0.0
vuejs/vue,2,2,0,2,3593,8.498815055644283,2.3468570486982534,0.0
vyperlang/vyper,1,1,0,1,6263,9.883614279919893,0.38796679722158844,0.0
wagtail/wagtail,5,5,0,5,20696,12.684011870357695,4.648500139427586,0.0
wandb/wandb,6,6,0,6,10007,9.606977304991508,4.234463077040079,0.0
web-infra-dev/rspack,4,2,2,2,9754,4.3107579790605115,3.731326526732071,0.5
withastro/astro,5,5,0,5,15153,5.543464617081147,4.726937631505565,0.0
withastro/starlight,1,1,0,1,3782,3.5428028747433267,3.0446100780794483,0.0
wkentaro/labelme,21,21,0,21,3831,15.004518974826983,1.0815732184957032,0.0
wxWidgets/wxWidgets,23,22,1,22,81004,28.361289926990647,4.516598822470657,0.04347826086956519
xbmc/xbmc,6,6,0,6,73212,17.021912692980454,6.347153142190788,0.0
xournalpp/xournalpp,8,8,0,8,6632,15.734269367759271,3.7253233769361422,0.0
yiisoft/yii2,14,14,0,14,20923,15.452610939995436,1.0587607739498568,0.0
youki-dev/youki,1,1,0,1,6008,5.512467995031308,2.3769812343143966,0.0
yugabyte/yugabyte-db,9,9,0,9,40206,21.258526123659593,5.364770483179963,0.0
zed-industries/zed,7,7,0,7,40213,5.60862011052805,2.2230715897279896,0.0
zeek/zeek,13,13,0,13,21858,16.00777033107714,4.909047804649276,0.0
zeromq/libzmq,1,1,0,1,8605,16.991425773823103,5.587409847390169,0.0
zeux/meshoptimizer,3,3,0,3,4244,10.051829289933329,2.0280850254772225,0.0
zizmorcore/zizmor,1,0,1,0,1589,2.1148069244809493,0.37886100337161255,1.0
