repo,lines,distinct,abbreviated,effective,comments
11ty/buildawesome,1,1,0,1,1
AUTOMATIC1111/stable-diffusion-webui,1,1,0,1,1
ApeWorX/web3.py,21,21,0,21,1
App-vNext/Polly,3,3,0,2,1
ArduPilot/ardupilot,2,2,0,1,5
Arize-ai/phoenix,2,2,0,0,0
Automattic/wp-calypso,14,14,0,14,13
BLAKE3-team/BLAKE3,1,1,0,1,1
Bash-it/bash-it,4,4,0,4,1
BerriAI/litellm,11,11,0,11,18
Bogdanp/dramatiq,2,2,0,2,2
CTFd/CTFd,1,1,0,0,4
CapSoftware/Cap,1,1,0,1,0
CesiumGS/cesium,24,24,0,24,26
CherryHQ/cherry-studio,1,1,0,1,1
Choices-js/Choices,10,10,0,10,3
Cog-Creators/Red-DiscordBot,10,10,0,10,20
DefinitelyTyped/DefinitelyTyped,35,35,0,35,4
EFForg/rayhunter,2,2,0,1,0
EsotericSoftware/spine-runtimes,47,47,0,47,20
Eventual-Inc/Daft,2,2,0,1,0
FEX-Emu/FEX,6,6,0,6,15
Flagsmith/flagsmith,5,5,0,5,10
GetStream/Vision-Agents,1,1,0,1,1
Giskard-AI/giskard-oss,3,3,0,3,2
GoogleCloudPlatform/generative-ai,73,72,0,72,20
GothenburgBitFactory/taskwarrior,1,1,0,1,1
HKUDS/LightRAG,1,1,0,1,5
JuliaLang/julia,6,6,0,6,7
KevinMusgrave/pytorch-metric-learning,2,2,0,2,1
Kong/insomnia,2,2,0,2,0
Lightning-AI/pytorch-lightning,8,8,0,8,8
MaaAssistantArknights/MaaAssistantArknights,3,3,0,3,14
MaartenGr/BERTopic,3,3,0,3,3
ManimCommunity/manim,1,1,0,1,1
MetaMask/metamask-extension,16,16,0,15,23
NVIDIA/DALI,12,12,0,12,3
NVIDIA/apex,3,3,0,3,5
NVIDIA/cuml,14,14,0,14,14
NVIDIA/nccl,14,14,0,14,23
NicolasHug/Surprise,1,1,0,1,2
NixOS/nix,3,3,0,3,3
OSGeo/gdal,201,201,0,201,0
OctoPrint/OctoPrint,8,8,0,8,11
OpenMW/openmw,4,4,0,4,11
OpenRCT2/OpenRCT2,19,19,0,19,0
OpenVPN/openvpn,15,14,0,14,26
OrchardCMS/OrchardCore,2,2,0,2,3
PHP-CS-Fixer/PHP-CS-Fixer,7,7,0,7,7
Portkey-AI/gateway,1,1,0,1,1
PostgresApp/PostgresApp,3,3,0,3,5
PrismLauncher/PrismLauncher,4,4,0,4,5
PyGithub/PyGithub,5,5,0,4,5
Qiskit/qiskit,4,4,0,4,0
RSS-Bridge/rss-bridge,2,2,0,2,2
Rapptz/discord.py,1,1,0,1,1
Redot-Engine/redot-engine,24,24,0,24,32
RfidResearchGroup/proxmark3,377,377,0,377,0
SWE-agent/SWE-agent,5,5,0,5,3
SixLabors/ImageSharp,3,3,0,3,1
Stirling-Tools/Stirling-PDF,6,6,0,5,2
SwiftGGTeam/the-swift-programming-language-in-chinese,3,3,0,3,18
TagStudioDev/TagStudio,3,3,0,3,6
TeamAmaze/AmazeFileManager,2,2,0,2,4
TryGhost/Ghost,1,1,0,1,4
TypeStrong/ts-node,2,2,0,2,1
WebAssembly/binaryen,2,2,0,2,8
WebAssembly/wabt,1,1,0,1,7
WordPress/gutenberg,10,10,0,10,10
XAMPPRocky/tokei,2,2,0,2,1
XRPLF/rippled,37,37,0,37,42
YOURLS/YOURLS,2,2,0,1,2
ZoneMinder/zoneminder,1,1,0,1,1
a2aproject/A2A,1,1,0,1,20
abhigyanpatwari/GitNexus,2,2,0,0,2
aio-libs/aiohttp,4,4,0,4,23
akka/akka-core,1,1,0,1,1
alibaba/MNN,0,0,0,0,9
alicevision/Meshroom,39,39,0,39,39
alshedivat/al-folio,2,2,0,2,21
andrewyng/aisuite,1,1,0,1,1
angr/angr,9,9,0,9,1
angular/angular,44,44,0,42,3
angular/components,1,1,0,0,1
ankidroid/Anki-Android,435,421,0,421,10
ansible/ansible,3,3,0,3,3
ansible/awx,1,1,0,1,1
antiwork/gumroad,8,8,0,0,10
antiwork/shortest,3,3,0,3,2
apache/airflow,7,7,0,7,4
apache/cassandra,1,1,0,1,0
apache/flink,3,3,0,3,0
apache/hbase,2,2,0,2,0
apache/incubator-kie,0,0,0,0,0
apache/iotdb,2,2,0,2,3
apache/maka,1,1,0,1,13
apache/maven,1,1,0,1,19
apify/apify-mcp-server,1,1,0,1,6
apollographql/apollo-client,7,7,0,4,7
apple/foundationdb,3,3,0,3,1
apple/pkl,2,2,0,1,2
apple/swift-nio,1,1,0,1,1
asdf-vm/asdf,10,10,0,10,3
aseprite/aseprite,2,2,0,2,2
astral-sh/ruff,21,21,0,21,21
astropy/astropy,27,27,0,27,28
awsdocs/aws-doc-sdk-examples,2,2,0,2,3
babel/babel,2,2,0,2,7
baserow/baserow,1,1,0,1,3
beetbox/beets,153,153,0,141,161
beeware/toga,2,2,0,2,2
bentoml/OpenLLM,13,13,0,13,13
bilawalsidhu/gods-eye-view,2,2,0,2,1
binwiederhier/ntfy,6,6,0,6,3
biomejs/biome,2,2,0,2,7
bitsandbytes-foundation/bitsandbytes,7,7,0,6,7
bitwarden/clients,11,11,0,11,11
bitwarden/server,4,4,0,4,4
blender/blender,31,31,0,27,49
borgbackup/borg,1,1,0,1,1
boto/boto3,1,1,0,1,3
bpftrace/bpftrace,1,1,0,1,1
brndnmtthws/conky,17,17,0,17,38
cakephp/cakephp,4,4,0,4,4
callstack/linaria,0,0,0,0,0
changesets/changesets,1,1,0,1,1
chocolatey/choco,161,159,0,159,161
clash-verge-rev/clash-verge-rev,8,8,0,8,9
cloud-custodian/cloud-custodian,1,1,0,1,8
cloudflare/workerd,10,10,0,9,9
cmderdev/cmder,14,14,0,10,2
coder/code-server,1,1,0,1,1
coder/coder,2,2,0,2,4
comet-ml/opik,2,2,0,1,2
compiler-explorer/compiler-explorer,1,1,0,1,2
conda/conda,2,2,0,2,10
crablang/crab,9,9,0,9,10
curl/curl,1,1,0,1,4
cvxpy/cvxpy,3,3,0,3,3
dahlbyk/posh-git,1,1,0,1,1
dask/dask,8,8,0,8,9
dbcli/mycli,4,4,0,4,2
dbcli/pgcli,0,0,0,0,0
dendronhq/dendron,19,19,0,3,4
dependabot/dependabot-core,6,6,0,6,12
detekt/detekt,1,1,0,1,1
dexie/Dexie.js,1,1,0,0,2
dicedb/dicedb,2,2,0,2,10
discordjs/discord.js,1,1,0,1,2
discourse/discourse,38,38,0,38,29
django-commons/django-debug-toolbar,0,0,0,0,0
django-oscar/django-oscar,1,1,0,1,1
django/django,21,21,0,21,0
dlt-hub/dlt,1,1,0,1,1
docling-project/docling,1,1,0,1,1
dolphin-emu/dolphin,49,49,0,49,10
domaindrivendev/Swashbuckle.AspNetCore,1,1,0,1,0
dotnet/aspnetcore,1,1,0,1,2
dotnet/msbuild,2,2,0,2,3
dotnet/runtime,21,21,0,21,31
elastic/elasticsearch,6,6,0,6,15
electron/electron,3,3,0,3,2
electron/forge,2,2,0,2,2
element-hq/element-web,2,2,0,2,1
emacs-lsp/lsp-mode,11,11,0,11,14
emscripten-core/emscripten,6,6,0,6,12
enso-org/enso,4,4,0,4,5
enyo/dropzone,1,1,0,1,7
eslint/eslint,3,3,0,3,3
esp8266/Arduino,4,4,0,4,0
espressif/esptool,23,23,0,23,6
eza-community/eza,9,9,0,8,31
falcosecurity/falco,1,1,0,1,1
firecracker-microvm/firecracker,5,5,0,5,0
fivetran/great_expectations,16,16,0,16,39
foliojs/pdfkit,1,1,0,1,0
fonttools/fonttools,1,1,0,1,1
formbricks/formbricks,1,1,0,0,5
foundry-rs/foundry,2,2,0,2,11
frappe/erpnext,16,16,0,13,24
frappe/frappe,20,20,0,18,29
frappe/hrms,7,7,0,7,16
gabime/spdlog,5,5,0,5,1
geopandas/geopandas,7,7,0,7,1
getmoto/moto,5,5,0,4,5
getpelican/pelican,10,10,0,10,11
getsentry/sentry-javascript,11,11,0,11,15
getsentry/sentry,39,39,0,39,50
getsops/sops,1,1,0,1,1
gitbucket/gitbucket,4,4,0,4,4
gitextensions/gitextensions,15,15,0,15,14
github/codeql,10,10,0,10,11
gitkraken/vscode-gitlens,16,16,0,15,0
godotengine/godot-docs,1,1,0,1,9
godotengine/godot,29,29,0,29,37
google/flax,1,1,0,1,1
google/gson,2,2,0,2,2
google/perfetto,3,3,0,3,3
gradio-app/gradio,7,7,0,0,7
grafana/pyroscope,1,1,0,0,0
graphql-dotnet/graphql-dotnet,2,2,0,2,3
gristlabs/grist-core,11,11,0,11,0
grokability/snipe-it,23,23,0,23,22
growthbook/growthbook,1,1,0,1,1
grpc-ecosystem/grpc-gateway,1,1,0,1,2
grpc/grpc,1,1,0,1,2
guardian/frontend,5,5,0,2,5
guidance-ai/guidance,4,4,0,4,5
halide/Halide,18,18,0,18,4
handlebars-lang/handlebars.js,3,3,0,0,3
hashicorp/nomad,2,2,0,2,2
hashicorp/terraform,4,4,0,4,1
headroomlabs-ai/headroom,1,1,0,1,8
hibernate/hibernate-orm,15,15,0,13,3
highlight/highlight,1,1,0,1,1
highlightjs/highlight.js,1,1,0,1,1
home-assistant/core,5,5,0,5,5
huggingface/sentence-transformers,4,4,0,4,4
huggingface/transformers,1,1,0,1,0
hylang/hy,2,2,0,2,0
ibis-project/ibis,21,21,0,21,0
icsharpcode/ILSpy,1,1,0,1,1
immutable-js/immutable-js,2,2,0,2,2
instantdb/instant,3,3,0,3,3
instructure/canvas-lms,122,122,0,122,6
inventree/InvenTree,1,1,0,1,2
invoke-ai/InvokeAI,5,5,0,5,0
ipython/ipython,7,7,0,7,14
janestreet/magic-trace,4,4,0,4,0
jart/cosmopolitan,14,14,0,14,16
javaparser/javaparser,2,2,0,2,4
jd-opensource/nutui,1,1,0,1,3
jemalloc/jemalloc,2,2,0,1,0
jenkinsci/docker,1,1,0,1,2
jenkinsci/jenkins,2,2,0,2,2
joomla/joomla-cms,4,4,0,4,3
jupyter/notebook,1,1,0,1,1
jupyterlab/jupyterlab,5,5,0,5,5
jupytext/jupytext,1,1,0,1,1
laramies/theHarvester,1,1,0,1,1
libfuse/sshfs,1,1,0,1,0
libgdx/libgdx,3,3,0,3,3
libigl/libigl,1,1,0,0,8
libp2p/rust-libp2p,1,1,0,1,7
libusb/libusb,3,3,0,3,3
libvips/libvips,1,1,0,1,10
lichess-org/lila,42,42,0,42,35
lightdash/lightdash,1,1,0,0,2
lightgbm-org/LightGBM,4,4,0,4,4
linera-io/linera-protocol,2,2,0,2,3
linuxmint/cinnamon,3,3,0,3,4
lllyasviel/stable-diffusion-webui-forge,1,1,0,1,1
locustio/locust,10,10,0,10,8
macvim-dev/macvim,10,10,0,10,16
mamba-org/mamba,24,23,0,23,62
marimo-team/marimo,1,1,0,1,1
markbates/goth,1,1,0,1,0
matomo-org/matomo,64,64,0,64,65
matplotlib/matplotlib,6,6,0,6,6
mermaid-js/mermaid-live-editor,2,2,0,2,3
meteor/meteor,5,5,0,4,4
mhammond/pywin32,9,9,0,3,11
micropython/micropython,24,24,0,24,24
microsoft/terminal,5,5,0,4,7
microsoft/vscode,11,11,0,11,11
mlflow/mlflow,4,4,0,4,17
modelcontextprotocol/python-sdk,2,2,0,2,2
modelcontextprotocol/typescript-sdk,0,0,0,0,0
mongodb/mongo,36,36,0,11,27
mozilla/pdf.js,3,3,0,3,3
mruby/mruby,4,4,0,4,4
mui/material-ui,19,19,0,19,5
musescore/MuseScore,4,4,0,4,3
n8n-io/n8n,5,5,0,3,5
nasa/openmct,5,5,0,5,10
naudio/NAudio,1,1,0,1,10
navidrome/navidrome,2,2,0,2,2
neondatabase/neon,1,1,0,1,0
neovim/neovim,71,71,0,71,10
netblue30/firejail,22,22,0,22,11
netease-youdao/LobsterAI,0,0,0,0,3
networkx/networkx,19,19,0,19,0
ng-bootstrap/ng-bootstrap,1,1,0,0,3
nix-community/home-manager,41,41,0,41,12
nix-darwin/nix-darwin,1,1,0,1,1
ntop/ntopng,1,1,0,1,10
observablehq/plot,1,1,0,1,10
obsproject/obs-studio,11,11,0,11,3
official-stockfish/Stockfish,5,5,0,5,4
ohmybash/oh-my-bash,1,1,0,1,1
onnx/onnx,4,4,0,4,4
onyx-dot-app/onyx,6,6,0,6,5
openbao/openbao,1,1,0,1,1
openjdk/jdk,58,58,0,58,67
opennextjs/opennextjs-aws,1,1,0,0,0
openscad/openscad,2,2,0,2,8
openssl/openssl,2,2,0,2,2
orhun/git-cliff,1,1,0,1,0
otter-sec/anchor,3,3,0,3,0
oven-sh/bun,3,3,0,3,7
oxc-project/oxc,6,6,0,5,11
paramiko/paramiko,1,1,0,1,1
payloadcms/payload,12,12,0,12,11
pbek/QOwnNotes,38,38,0,37,0
phoenixframework/phoenix_live_view,1,1,0,1,1
phpDocumentor/TypeResolver,8,8,0,8,8
pixel-agents-hq/pixel-agents,1,1,0,0,2
playframework/playframework,26,26,0,25,23
pmndrs/react-spring,2,2,2,1,5
portainer/portainer,3,3,0,3,3
postgres/postgres,186,186,0,186,201
postgresml/postgresml,1,1,0,1,2
ppy/osu,5,5,0,5,5
prettier/prettier,29,29,0,29,31
promptfoo/promptfoo,1,1,0,0,2
psf/requests,1,1,0,1,3
pwr-Solaar/Solaar,5,5,0,5,5
py-pdf/pypdf,4,4,0,4,7
pydantic/pydantic,7,7,0,7,8
pyinfra-dev/pyinfra,2,2,0,2,2
pylint-dev/pylint,2,2,0,2,2
pymc-devs/pymc,1,1,0,0,1
pypa/pip,38,38,0,11,0
pytest-dev/pytest,13,13,0,13,21
python-pillow/Pillow,3,3,0,3,3
python-telegram-bot/python-telegram-bot,2,2,0,2,5
python-trio/trio,2,2,0,2,2
python/mypy,6,6,0,6,6
pythonnet/pythonnet,1,1,0,1,1
pytorch/pytorch,52,52,0,52,52
pytorch/vision,6,6,0,6,8
qemu/qemu,4,4,0,4,13
qpdf/qpdf,58,58,0,57,16
qtile/qtile,7,7,0,6,7
quantumlib/Cirq,16,16,0,16,16
quarto-dev/quarto-cli,1,1,0,1,6
quartznet/quartznet,2,2,0,2,2
questdb/questdb,1,1,0,1,0
rabbitmq/rabbitmq-server,6,6,0,6,5
rails/rails,60,60,0,60,25
rainmeter/rainmeter,1,1,0,1,1
rapid7/metasploit-framework,5,5,0,5,8
ray-project/ray,2,2,0,2,2
react/react,2,2,0,2,0
readthedocs/readthedocs.org,5,5,0,5,5
redpanda-data/redpanda,7,7,0,7,13
reduxjs/redux,2,2,0,1,0
refined-github/refined-github,14,14,0,14,1
renpy/renpy,2,2,0,2,1
rime/squirrel,0,0,0,0,0
rime/weasel,1,1,0,1,1
risingwavelabs/risingwave,19,19,0,19,19
robotframework/robotframework,3,3,0,3,3
rocketride-org/rocketride-server,2,2,0,2,1
rtk-ai/rtk,1,1,0,1,8
ruby/ruby,35,35,0,35,14
rust-lang/book,1,1,0,1,1
rust-lang/cargo,78,78,0,78,79
rust-lang/futures-rs,1,1,0,1,1
rust-lang/mdBook,12,12,0,12,13
rust-lang/rust-analyzer,8,8,0,8,7
rust-lang/rust,18,18,0,18,18
rust-windowing/winit,3,3,0,3,4
saltstack/salt,2,2,0,2,2
scala/scala3,2,2,0,2,1
scikit-image/scikit-image,5,5,0,3,5
scikit-learn/scikit-learn,15,15,0,15,24
scipy/scipy,25,25,0,24,25
scrapy/scrapy,3,3,0,3,4
secdev/scapy,23,23,0,23,27
semantic-release/semantic-release,2,2,0,1,2
serenity-rs/serenity,5,5,0,5,13
sgl-project/sglang,1,1,0,1,3
shap/shap,6,6,0,6,7
simonw/datasette,3,3,0,3,1
software-mansion/react-native-gesture-handler,1,1,0,1,2
software-mansion/react-native-reanimated,4,4,0,4,5
software-mansion/react-native-svg,1,1,0,1,2
solidusio/solidus,6,6,0,6,7
spack/spack,3,3,0,3,4
spectreconsole/spectre.console,2,2,0,0,2
sphinx-doc/sphinx,203,203,0,203,38
spring-projects/spring-boot,3,3,0,3,2
spyder-ide/spyder,8,8,0,8,2
sqlalchemy/sqlalchemy,5,5,0,5,7
statelyai/xstate,5,5,0,3,2
storybookjs/storybook,9,9,0,9,0
streamlink/streamlink,11,11,0,11,13
supercollider/supercollider,5,5,0,5,7
swig/swig,1,1,0,1,18
symfony/symfony,9,9,0,9,1
sysadminsmedia/homebox,1,1,0,0,0
taichi-dev/taichi,3,3,0,3,3
teambit/bit,5,5,0,5,9
tensorflow/tensorboard,61,61,0,61,31
tianocore/edk2,27,27,0,27,27
timber/timber,11,11,0,11,9
timescale/timescaledb,25,25,0,25,12
tmuxinator/tmuxinator,1,1,0,1,5
treeverse/dvc,1,1,0,1,8
triton-lang/triton,13,13,0,12,7
twisted/twisted,3,3,0,3,10
typelevel/cats,14,14,0,14,8
typescript-eslint/typescript-eslint,16,16,0,16,1
unionlabs/union,9,9,0,9,8
unit8co/darts,6,6,0,6,6
v8/v8,95,95,0,95,28
valhalla/valhalla,3,3,0,3,3
valkey-io/valkey,3,3,0,3,11
vercel/turborepo,1,1,0,0,1
verl-project/verl,3,3,0,3,7
vim/vim,10,10,0,10,16
vitejs/vite,3,3,0,3,3
vllm-project/vllm,2,2,0,2,2
vosen/ZLUDA,1,1,0,1,0
vuejs/core,1,1,0,1,1
vuejs/vue,2,2,0,2,2
vyperlang/vyper,1,1,0,1,3
wagtail/wagtail,5,5,0,5,10
wandb/wandb,6,6,0,6,7
web-infra-dev/rspack,4,4,0,2,0
withastro/astro,5,5,0,5,5
withastro/starlight,1,1,0,1,3
wkentaro/labelme,21,21,0,21,21
wxWidgets/wxWidgets,23,23,0,22,45
xbmc/xbmc,6,6,0,6,12
xournalpp/xournalpp,8,8,0,8,1
yiisoft/yii2,14,14,0,14,14
youki-dev/youki,1,1,0,1,4
yugabyte/yugabyte-db,9,9,0,9,3
zed-industries/zed,7,7,0,7,30
zeek/zeek,13,13,0,13,13
zeromq/libzmq,1,1,0,1,1
zeux/meshoptimizer,3,3,0,3,11
zizmorcore/zizmor,1,1,0,0,1
