repo,path_hash
11ty/buildawesome,551ccacb05148dbb
11ty/buildawesome,8688d5d98526e783
AUTOMATIC1111/stable-diffusion-webui,c766c825471943c0
AUTOMATIC1111/stable-diffusion-webui,479163685bafaa4c
AUTOMATIC1111/stable-diffusion-webui,6b040102aa8f0e3a
AUTOMATIC1111/stable-diffusion-webui,362e762d8b52142b
AUTOMATIC1111/stable-diffusion-webui,856997acd716f8f4
AUTOMATIC1111/stable-diffusion-webui,c888caf5f8628b5c
AUTOMATIC1111/stable-diffusion-webui,fe2129c140fc5cff
AUTOMATIC1111/stable-diffusion-webui,c47505ac02dfa18a
ApeWorX/web3.py,6a53e6eb2925b640
App-vNext/Polly,f8f916bc545bceab
App-vNext/Polly,e0c5d4edc0620cb8
Bash-it/bash-it,c467d2646a9e9291
Bash-it/bash-it,aa57f91a88a2f8fb
Bash-it/bash-it,8a67bcf43c4af736
CapSoftware/Cap,893c18cd7187fefc
CapSoftware/Cap,d967dff5f10b46c2
CapSoftware/Cap,724d2594a9e20f02
CapSoftware/Cap,6b332508b01d1e71
CapSoftware/Cap,6d626d888c708a2a
CapSoftware/Cap,765854f9dc47ebef
CapSoftware/Cap,22435a8477953f1f
CapSoftware/Cap,dccfc81fdb27238e
CapSoftware/Cap,2fd04c9eee812264
CapSoftware/Cap,fea2be52e98f762e
CapSoftware/Cap,fa65c1b1d37c723e
CapSoftware/Cap,e9ab90508a21d970
CapSoftware/Cap,35cf12cd6bcb7335
CapSoftware/Cap,9133ecc551ac8b30
CapSoftware/Cap,7d6df41f07d56e59
CapSoftware/Cap,889b1cf99094a6af
CesiumGS/cesium,f8c6beab71707eea
CesiumGS/cesium,8cdd36055c094468
CesiumGS/cesium,d44aaac4fce72d93
CesiumGS/cesium,8674ed868f955c8e
CesiumGS/cesium,5547e6614f6762b5
CesiumGS/cesium,eebc83dd8e4275d9
CesiumGS/cesium,4c4b4ae3e4f1d19a
CesiumGS/cesium,8f080aefe3203bfc
CherryHQ/cherry-studio,186d30fad0a6fdb4
CherryHQ/cherry-studio,8a7b43178dd0f7d1
CherryHQ/cherry-studio,284621e02c5f1058
EFForg/rayhunter,da4ee170bb582567
EFForg/rayhunter,d1c2185f122d71ad
EFForg/rayhunter,d3a256e7abf16a03
Eventual-Inc/Daft,956238c0debae224
FEX-Emu/FEX,f15391421618a5b8
FEX-Emu/FEX,710638e1a4668870
FEX-Emu/FEX,012b1f0695cd675a
FEX-Emu/FEX,92ec2a2356c8981e
FEX-Emu/FEX,ec03eb36af6d6b1d
Giskard-AI/giskard-oss,06e9639bceca9d33
GoogleCloudPlatform/generative-ai,d99b71de134ba9b5
GoogleCloudPlatform/generative-ai,43eebf69297805dd
GoogleCloudPlatform/generative-ai,72599c9dc26becfd
GoogleCloudPlatform/generative-ai,a575bd1ccd029bdd
GoogleCloudPlatform/generative-ai,3506094c22b700ea
Kong/insomnia,51b7b9b982390d2c
Kong/insomnia,edf0f4edd7840780
Kong/insomnia,d4c82733241e2d43
Kong/insomnia,5f106697db278d3e
NVIDIA/DALI,4b4d1eeeab440219
NVIDIA/cuml,a3c4ce41fd0f7452
NVIDIA/cuml,dba2e9a2ecf2d255
OSGeo/gdal,d68bd6991354cb57
OSGeo/gdal,700a55e48a6bfbc2
OSGeo/gdal,ff0f62a71285cb1b
OctoPrint/OctoPrint,013fead770456fd7
OpenMW/openmw,9d910c585838cbf4
OpenRCT2/OpenRCT2,a000109f3a113922
OpenRCT2/OpenRCT2,7f37ad3d0db709a4
OpenRCT2/OpenRCT2,63c94e6af369d25d
OpenRCT2/OpenRCT2,5c58b4a2d06c6e8f
OpenRCT2/OpenRCT2,42a509814d7563ef
OpenRCT2/OpenRCT2,ede2eadcbfad6840
OpenRCT2/OpenRCT2,e3008b88df067f59
OpenRCT2/OpenRCT2,5f127f3a57789dfe
OpenRCT2/OpenRCT2,2fc56d4db0db89f7
OpenRCT2/OpenRCT2,7f0b621797c59cef
OpenRCT2/OpenRCT2,546b2e39fb9581d2
OpenRCT2/OpenRCT2,bad689f6224055ae
OpenRCT2/OpenRCT2,409710e79c8f2502
OpenRCT2/OpenRCT2,c0ad9b0f1a5389df
OpenRCT2/OpenRCT2,b17a789c36ec9b6d
OpenRCT2/OpenRCT2,9f218459938b0d5e
OpenRCT2/OpenRCT2,64f99defadb150f4
OpenRCT2/OpenRCT2,ce99d95a5f9e3514
OpenVPN/openvpn,2ad9e6c6a4d80f2b
OpenVPN/openvpn,c352dbfea84a922b
OpenVPN/openvpn,ea3208608bfbe328
OpenVPN/openvpn,6f5b55b01f998652
OpenVPN/openvpn,edbe602e41988188
OpenVPN/openvpn,556b192ed9b4ff6a
OpenVPN/openvpn,d73abdd16ec910cc
OrchardCMS/OrchardCore,4eeebeab4a815431
OrchardCMS/OrchardCore,7666c52f91bb9aae
OrchardCMS/OrchardCore,00f6a4b371b6e5dd
OrchardCMS/OrchardCore,eecfcef31e45e7f0
PHP-CS-Fixer/PHP-CS-Fixer,3f7974c782c5740d
Portkey-AI/gateway,b12b95877e563659
PrismLauncher/PrismLauncher,229d2ae6926a324e
PrismLauncher/PrismLauncher,c284300aedc56b8a
PrismLauncher/PrismLauncher,cdc80996b8f8340e
RSS-Bridge/rss-bridge,6b5d35944b6517de
RSS-Bridge/rss-bridge,5bf48b0d565b51db
RSS-Bridge/rss-bridge,639834ca90b38475
RfidResearchGroup/proxmark3,d8be097c83d7f740
SixLabors/ImageSharp,6203c7fd48fa16a2
SixLabors/ImageSharp,ac825fb42e881451
SixLabors/ImageSharp,83f87798971ecdc9
SixLabors/ImageSharp,3b9d12f638278b4f
SixLabors/ImageSharp,6d57bc5695e6e6c0
Stirling-Tools/Stirling-PDF,bc37d034bad56458
Stirling-Tools/Stirling-PDF,33fbd7a182c49672
TeamAmaze/AmazeFileManager,fc90b6871d033a6e
WebAssembly/binaryen,591dd1af9b5a0dfb
WebAssembly/binaryen,e1f361a2d97280e8
WebAssembly/binaryen,c5ef9dac18a703eb
XRPLF/rippled,e5b41bfe30b26934
ZoneMinder/zoneminder,1e7de1ae2d059d21
ZoneMinder/zoneminder,148715d6ea0c0ea0
alicevision/Meshroom,0e5ff4f5f203b1c3
alicevision/Meshroom,297ebdd03e879077
alshedivat/al-folio,3fa96db64d99b493
angr/angr,e302fd74e5ed45fb
angular/angular,ce77da6bfcb325f1
angular/angular,54db8245bdae2fd9
angular/angular,45b05a0040c8233a
ankidroid/Anki-Android,8e8833e1e91c338f
ankidroid/Anki-Android,9ea5124c067b4ead
ankidroid/Anki-Android,defadb4b9f86633b
ankidroid/Anki-Android,1a73a0373f20bd5a
ankidroid/Anki-Android,8c5c9fecb5373470
ankidroid/Anki-Android,de536bc155d9142d
ankidroid/Anki-Android,5e2d57527f05101f
apache/flink,95b3db93249837e1
apollographql/apollo-client,221ec56332617dc2
apple/foundationdb,92887d8d27b43f81
apple/foundationdb,7365043137e1dc00
aseprite/aseprite,3610dbe1c95d1d94
aseprite/aseprite,ecec927bbbeb8d02
astropy/astropy,d0823a6c6aeab338
astropy/astropy,2fd4e6a12118bc4b
astropy/astropy,c0450b28b8368b89
astropy/astropy,96a278ad1b18a526
babel/babel,f7a647772cf84aec
babel/babel,fb5bf124110e3b7b
beetbox/beets,ebe8521e81c4a33a
beetbox/beets,a8388496f1f95ddb
beetbox/beets,bc42b38887a42448
beetbox/beets,b82c85c69cbfbda3
beetbox/beets,6a720e215089a109
beetbox/beets,79343d662e965646
beetbox/beets,c4f70feda64fe455
beetbox/beets,1b27ba7ec0ca34d7
binwiederhier/ntfy,69cd588041586b05
binwiederhier/ntfy,a87fb722257dd48f
binwiederhier/ntfy,86417f5d827d01cc
bitsandbytes-foundation/bitsandbytes,e0aa2b260ab4cbc4
bitsandbytes-foundation/bitsandbytes,0bba49c1e13e1ca3
bitsandbytes-foundation/bitsandbytes,fcfd8630837522e8
bitsandbytes-foundation/bitsandbytes,7cdc90c3071b2346
bitsandbytes-foundation/bitsandbytes,5d3da1562745a0f5
bitsandbytes-foundation/bitsandbytes,5e3704db1a5b9902
bitwarden/clients,fd21b3bf705efa98
bitwarden/clients,d443d807a8d31158
bitwarden/clients,cd92ae2bb6529ba6
bitwarden/server,ab20c325d7540fca
bitwarden/server,2e2a57bda4887d81
bitwarden/server,9db7d33ecb105776
bitwarden/server,b724cf6ab8c08c42
blender/blender,c87f98dcf1bf41a1
blender/blender,29a2a14daebc1cc4
blender/blender,d562d74d7a163ea3
borgbackup/borg,0071495c2f67ea25
borgbackup/borg,104bcbb5da2afcc7
borgbackup/borg,eacc264570f3a432
brndnmtthws/conky,acc7477ca31c5c46
brndnmtthws/conky,304823b2632d35af
brndnmtthws/conky,310f8f12765ceae0
brndnmtthws/conky,23904b1b1125f280
brndnmtthws/conky,8e71e55ae9b7b667
brndnmtthws/conky,6a5467e110abc733
brndnmtthws/conky,a1496f9c5b869e8b
cakephp/cakephp,703cda67ba8a32a0
cakephp/cakephp,e21f5457d94760d8
cakephp/cakephp,04aa710f4f3dd36d
cakephp/cakephp,c454faa4da0490d9
cakephp/cakephp,3daf27c5efc6d127
cakephp/cakephp,95fd053c216445d7
cakephp/cakephp,b24fba393b9e95ea
cakephp/cakephp,4ff630f03654e9a7
clash-verge-rev/clash-verge-rev,f571fecfeef08b9d
cloudflare/workerd,df55da49169425e1
coder/coder,21547f5c52e7988d
coder/coder,ad53065e6cd73949
coder/coder,0cbcfff19a447921
coder/coder,dcd4a67582932eb6
coder/coder,464010bbd2099dca
coder/coder,c9daf8fdb8b44096
coder/coder,dc0b4ea671553af0
coder/coder,fde955b0a3b2bf55
coder/coder,e2389327797ce5a1
coder/coder,4d7a474699fe55ca
coder/coder,ecc9a18306c03b2b
conda/conda,a2eadd27d982ad4f
conda/conda,d880228e954d9907
conda/conda,f3ec8b15d55b5298
conda/conda,4a150dfb0efad45b
curl/curl,aaef6e94b186fba5
dask/dask,ce961485dc8b8afa
dicedb/dicedb,18680f57f5d32607
discourse/discourse,bb8bcb6ef2e13ab9
discourse/discourse,e6d401afd991ec57
discourse/discourse,c0e99d259d5c489f
discourse/discourse,3dc4c2555482f40d
django/django,1c8b882c73bfda66
dlt-hub/dlt,0dfd619e92a23b19
dlt-hub/dlt,fed93630768aa39d
dolphin-emu/dolphin,67e40ffbde4b39d3
dolphin-emu/dolphin,9d9a1db1211feb84
dolphin-emu/dolphin,9e9e3131fec1705a
domaindrivendev/Swashbuckle.AspNetCore,72e4cbb9af32aa68
domaindrivendev/Swashbuckle.AspNetCore,b075fefd1a773054
domaindrivendev/Swashbuckle.AspNetCore,b5d3c4326b030411
dotnet/aspnetcore,a8d3e15852046686
elastic/elasticsearch,171e4959abb243d4
electron/electron,08c5d2116306ca43
electron/forge,badcf24d0ea5bbd2
electron/forge,b57584943435c61a
element-hq/element-web,004a935b2cea0a2c
element-hq/element-web,833fb46e61b76d59
emacs-lsp/lsp-mode,d1b3fa4736384067
emscripten-core/emscripten,822a9a2a182867bb
emscripten-core/emscripten,a4d0f5b7399c8f2c
emscripten-core/emscripten,faaab610d1a4c3c3
enso-org/enso,e5f5010605508009
enso-org/enso,4ac6f9933d907f31
eslint/eslint,c65c22b7ef5ce793
eslint/eslint,1188982e4e58308d
eslint/eslint,acc4714549a20b2d
eslint/eslint,ddf8a9d02a30996e
falcosecurity/falco,11000c7d1795f9d1
falcosecurity/falco,a9f7eb3f95fba989
falcosecurity/falco,1fa114fd37754ac3
falcosecurity/falco,f85ec4e7b7be943e
foliojs/pdfkit,11bea48812d05614
fonttools/fonttools,a8a51736e1a41daf
fonttools/fonttools,bb693f9f2e1ccaaf
frappe/erpnext,37381add523d6eae
frappe/erpnext,500f5c4284d079a5
frappe/erpnext,cb1b2a81d152e984
frappe/erpnext,59f193de64bc753c
frappe/frappe,c15538b25ddc3163
gabime/spdlog,98ca874eda69d656
geopandas/geopandas,df31f90692292117
getpelican/pelican,8f5e98425799c62c
getpelican/pelican,2957b3bebe4609e9
getpelican/pelican,454dac0bb133e61b
getpelican/pelican,3302d2e557d1998b
getpelican/pelican,6f3b2c6a229a1360
getpelican/pelican,86fa3be5ca5c1933
getpelican/pelican,57c7aa2f4bd875bc
getpelican/pelican,b6bbc9980eb19e52
getpelican/pelican,28889c8a5b2a0fa8
getpelican/pelican,e01fe562e048a988
getpelican/pelican,8d6a54ba35475558
getpelican/pelican,d8a4a1c2ad9e54f6
godotengine/godot,3a958ea4573c75b1
godotengine/godot,5d964a06a1c9a478
godotengine/godot,629deb7a2de79da7
godotengine/godot,c774a788c66d21f8
google/gson,84ace34a709924a2
google/perfetto,8e95bf2dc53a3bad
graphql-dotnet/graphql-dotnet,d5ae94dbf3d24d78
graphql-dotnet/graphql-dotnet,f9c93c2bd1211ac3
graphql-dotnet/graphql-dotnet,caef258855bf2d2e
graphql-dotnet/graphql-dotnet,765962b0b600080f
graphql-dotnet/graphql-dotnet,83c7574a017894b1
graphql-dotnet/graphql-dotnet,d396aa589768074e
growthbook/growthbook,32ba8a009407e30a
grpc/grpc,3652cff923fa8450
guidance-ai/guidance,cabfc03a2a5a74e9
home-assistant/core,ec6823f114b099e7
home-assistant/core,5bfe829be849eb05
immutable-js/immutable-js,4031c70c2de3e723
instructure/canvas-lms,321aa3e6095dacc6
instructure/canvas-lms,85986f71377bcd92
javaparser/javaparser,c1468d638edd83a5
javaparser/javaparser,02ec9ba998d8b7f6
jemalloc/jemalloc,90683b77bc7d1883
jenkinsci/docker,e6ffa5dc854b843b
joomla/joomla-cms,99c1818f12ba76f6
libgdx/libgdx,124cdd124a6b2f0a
libp2p/rust-libp2p,51ea339d5e40e4b8
libvips/libvips,5856939957ed519d
lichess-org/lila,c7c46b27e883a628
lightgbm-org/LightGBM,0e0a024e0187c38d
lightgbm-org/LightGBM,4e93d670293def4f
lightgbm-org/LightGBM,263bfdd4e44ba860
lightgbm-org/LightGBM,da8bd23ee10ae633
lightgbm-org/LightGBM,86097d7f49a0a06f
lightgbm-org/LightGBM,eca12c0a30e25b4b
lightgbm-org/LightGBM,25c5c42e96fce8e0
lightgbm-org/LightGBM,c9d6a9b1213f9c5a
lightgbm-org/LightGBM,58213d9b70c6bf8b
microsoft/vscode,c405bdd62832fe4c
mongodb/mongo,24b41a878c95cc46
mongodb/mongo,df9336ed54de3bcb
mongodb/mongo,6a89116344db710b
mongodb/mongo,ce954dd0f0cad9f6
mozilla/pdf.js,343e461034ffe73d
mruby/mruby,4c3ecc809498c838
musescore/MuseScore,0efd95ac4ff1f971
musescore/MuseScore,dcbf17d1aae09146
musescore/MuseScore,22e02056afb2c77b
musescore/MuseScore,993bdbc0d091582b
musescore/MuseScore,5a0882c75c9a2a6c
musescore/MuseScore,3c50a91c95145de0
musescore/MuseScore,16301668fbeefe05
musescore/MuseScore,f53f2bb6c7ec7409
musescore/MuseScore,fef85e5e5da30eb7
musescore/MuseScore,aad69a27cabbdd7f
musescore/MuseScore,ebc2e207d007b8d1
musescore/MuseScore,27eb734e6b7f4663
musescore/MuseScore,5bc5bd2335ab961d
musescore/MuseScore,292d078bf25fb1c3
musescore/MuseScore,40e5dfbe4f9e8d87
musescore/MuseScore,ce72a4e79f2a4c68
nasa/openmct,516f9d0448dadba0
navidrome/navidrome,b228ca5467e74261
navidrome/navidrome,bcbb5f0c84c1a4f5
neovim/neovim,32cf9cfcc3e0867b
nix-community/home-manager,c459df0b99d630e7
nix-community/home-manager,417f396616b0eb70
nix-community/home-manager,d2f0b1e2a0e2314a
nix-community/home-manager,1cc580de297308d9
ntop/ntopng,3ca1b0328418a217
ntop/ntopng,4703140bc98b2097
observablehq/plot,eee16942401d4c91
observablehq/plot,b3a963cfa81f0896
official-stockfish/Stockfish,e54829652fc2edb0
official-stockfish/Stockfish,5e10e0eae2cec939
official-stockfish/Stockfish,73a56e016c685cf8
official-stockfish/Stockfish,13fa362150fa8634
official-stockfish/Stockfish,d9c39a0f4329ea10
official-stockfish/Stockfish,10c2312f1cfa9d66
official-stockfish/Stockfish,da313937d54e9247
official-stockfish/Stockfish,33f501b6f63de230
official-stockfish/Stockfish,48409e2ea320663a
official-stockfish/Stockfish,0f2b7f38c6258a8e
official-stockfish/Stockfish,9b3b743971a2908b
official-stockfish/Stockfish,a8800481720f02cf
official-stockfish/Stockfish,aeb482d3eecf1ef6
onnx/onnx,a86e2e20be0e3d9e
onnx/onnx,64fcb803e531846e
onnx/onnx,dee4e05e8bc6cc9b
onnx/onnx,eb6aca7d93f6a378
openscad/openscad,31efc4029e3e4a41
openscad/openscad,7cea1992bfaecf01
openscad/openscad,48ee9417583fec9d
openscad/openscad,ddea0991b61e13ff
openscad/openscad,68a309b81039aa4a
openscad/openscad,e59c376469733074
openscad/openscad,e667c86528377562
openssl/openssl,f1bfc666d9b7824d
openssl/openssl,67db6b3831d76eda
openssl/openssl,285163e21c9be149
openssl/openssl,eb10142c2cce38f4
openssl/openssl,c003570e4501cc33
openssl/openssl,b7c07a85e485d1bf
openssl/openssl,fbe1686ba03b341f
orhun/git-cliff,804180bd3aa987c3
orhun/git-cliff,cf8bc31787ec4662
orhun/git-cliff,1746b3518e922db8
orhun/git-cliff,289f0398791db3a8
orhun/git-cliff,26d62ab23081d155
orhun/git-cliff,bbedcd3b835e2aa3
orhun/git-cliff,4079b32a57bc47b5
orhun/git-cliff,9d830e0be5fc2013
orhun/git-cliff,fb8ea8d3a2eea059
orhun/git-cliff,d6715128f2b8aa1f
orhun/git-cliff,12f64353fb3d8cb4
orhun/git-cliff,56d2e9b48d9c6d1f
orhun/git-cliff,a9ca597c71fe138c
orhun/git-cliff,66cced4c6dfbc084
oxc-project/oxc,d1b9fd43898a6cd4
pbek/QOwnNotes,43c45134900dcb86
phoenixframework/phoenix_live_view,7427225b8e078fa9
phoenixframework/phoenix_live_view,73e09b3154c52cf9
playframework/playframework,bc49ade0b6153d73
portainer/portainer,f5a02aaa9d9732b9
postgres/postgres,17b0ef49cab662e6
postgres/postgres,470eedb3d0863f39
psf/requests,33c13e0b177bacd2
pwr-Solaar/Solaar,e4c0d8eabae0e32a
pwr-Solaar/Solaar,84813094e2d7d8d9
pwr-Solaar/Solaar,74640e416542d407
pwr-Solaar/Solaar,c006ba4591a59df2
pyinfra-dev/pyinfra,85933aa74a2d66c3
pylint-dev/pylint,7fa3613a0470b923
pylint-dev/pylint,1c142afc02e8b8c4
pypa/pip,ebb046839d6a360b
pypa/pip,6fbd1c928e58f61a
pypa/pip,96d476f392cb7e26
pypa/pip,3becafed813ae9b8
pytest-dev/pytest,1504539a1ce720b0
pytest-dev/pytest,8fcbff8c2cca9760
python-pillow/Pillow,431185b18989797e
python-pillow/Pillow,a592fb63b483610c
python-pillow/Pillow,4fd9026ffa5b57cb
python-pillow/Pillow,e42e1f45eaecd64f
python-telegram-bot/python-telegram-bot,de46a47648048e3c
python-telegram-bot/python-telegram-bot,b6583ef1923d31e0
python-trio/trio,577eb26efa2d1664
python-trio/trio,00e4133823bf6920
python/mypy,4d7515936862a155
python/mypy,8f0d4930bbf87aa2
python/mypy,80dee8a782b382f7
pytorch/pytorch,95e1eb7c29150110
quantumlib/Cirq,c61773ec62f9a1ed
quartznet/quartznet,65cc6fff450599ed
quartznet/quartznet,db9d1e7048d1aed7
quartznet/quartznet,4c2326e2e13820c9
questdb/questdb,9fa8ffb3a07706c5
rails/rails,baf71687c395f0e1
rails/rails,3f752c786661d783
rapid7/metasploit-framework,68a8637dc9b5869e
rapid7/metasploit-framework,118f7e897a4fd36e
refined-github/refined-github,4f091437818663a7
rime/weasel,e66fc694ea8d004d
rime/weasel,5eaa497f481ec896
rime/weasel,fa9601d5de0a2064
rime/weasel,e80548b110b2271f
risingwavelabs/risingwave,b4ad2aa5d942cd06
ruby/ruby,013e433ef2098a14
rust-lang/cargo,7c0fc19f54befca4
rust-lang/rust-analyzer,379e5c97596b430a
saltstack/salt,1d38435cf2b52935
scikit-learn/scikit-learn,3d9c732e6dba6166
scikit-learn/scikit-learn,be5d0efe968de44c
scrapy/scrapy,4673e6a723df4e72
scrapy/scrapy,a6952bc41d380964
shap/shap,aaac45c56f18d994
simonw/datasette,3f6bf963ebd2fc1c
spack/spack,6747fd55cd2597f6
spack/spack,d1cab1c15a7cb7f1
spack/spack,7d67ad2b6643aac7
spack/spack,0dc76b5b8370b4d9
spack/spack,02eeec2112c12800
spack/spack,33ff051ec2cfde85
spyder-ide/spyder,dd74635af790d42f
spyder-ide/spyder,8bf5387814b9cf11
spyder-ide/spyder,eb3b090b3179f79a
spyder-ide/spyder,689bf938429964f5
spyder-ide/spyder,b648dc0b9db219b2
spyder-ide/spyder,32011de7710d6367
spyder-ide/spyder,1b64c2ef3c48f8ab
spyder-ide/spyder,d3eabd8128727022
spyder-ide/spyder,8aa222eb84ee5e86
spyder-ide/spyder,045f82700b08ffcf
sqlalchemy/sqlalchemy,d66bda32e606b493
sqlalchemy/sqlalchemy,4dea749d06a82f8d
statelyai/xstate,4ae5fb99e4e77441
tianocore/edk2,8b26db422b2b2456
timber/timber,f33ad98927f59381
timber/timber,9cb20011e69c087a
timber/timber,14c94dafae043cb9
timber/timber,6ac188236546e8e1
timber/timber,3f17c51d404615a4
timber/timber,dd7574c63cefd65c
timber/timber,201f2b5a5eaa9e9e
timber/timber,ca09b684de4d3d19
timber/timber,9f9944e825f756d7
timber/timber,f6d25625a99dcdfa
timber/timber,4cb93fa35b21f589
timber/timber,f4cdc0fcaafb9c8a
timber/timber,176356fdf4ee0f4a
timber/timber,d63bbc14dfb578a6
timescale/timescaledb,e8564dcb4c81e23f
tmuxinator/tmuxinator,83b334b691b76a3d
triton-lang/triton,f727c7f0e0514dca
triton-lang/triton,bc37d034bad56458
typelevel/cats,915f73d7b6d87361
unit8co/darts,65b16016ed02bcac
unit8co/darts,14c7f527fc1028f4
valhalla/valhalla,4e549b2c7a80b225
valhalla/valhalla,335903af8df761a6
valhalla/valhalla,719e3424584a55d4
verl-project/verl,07c65794985259af
vitejs/vite,4a49b457ff0fce41
vosen/ZLUDA,4f2f8ec5d6ad004b
vosen/ZLUDA,33ad6ea376fb98b7
vosen/ZLUDA,dcadbbcd0813db7e
vosen/ZLUDA,a5cd637371d88ae5
vosen/ZLUDA,d4de5cb1f07ffd2a
vosen/ZLUDA,e8a7a7bd360d78e9
vosen/ZLUDA,564c4567f543a309
vosen/ZLUDA,15cdcb291297acd8
wagtail/wagtail,9d93622cd5966c6e
wagtail/wagtail,f732d1eb05c4dc49
wandb/wandb,3f66c8acad7e9cc3
withastro/starlight,efab6a5fc99b8504
withastro/starlight,0bcd59acd2356a88
withastro/starlight,ded76a066c537050
withastro/starlight,ebd74cebc0603c20
xbmc/xbmc,5308e11d02e71920
xbmc/xbmc,1149f93c04cd96fe
xbmc/xbmc,e4f6c675229fc4f6
xbmc/xbmc,e9f2846f87e38f98
xournalpp/xournalpp,00a66edce54b9ad9
yiisoft/yii2,bb6d92ef0c5eff31
yiisoft/yii2,e6a3dd2628f9c50a
yiisoft/yii2,13401ec35bcceac4
yiisoft/yii2,72359478a9d7e739
yiisoft/yii2,4760f44ad00c338e
yiisoft/yii2,a17ce21668dde055
zed-industries/zed,0bfe97d422eca8c2
zed-industries/zed,81050a24d2a45e7c
zed-industries/zed,e434af22b3787c52
zed-industries/zed,5056c2f7365c7435
zed-industries/zed,3e9627631213861d
zeek/zeek,153fa71f366b109a
zeek/zeek,9a3e02eb4b13e6a9
zeek/zeek,fd4ed504d3be528b
zeek/zeek,df19b26653a1b1e4
zeek/zeek,1cd42fe3ea59219e
zeek/zeek,9b7355621053ac87
zeek/zeek,6f4c3c81797c83c3
zeek/zeek,70794414de1ddfa8
zeek/zeek,9992c6b6cccacf80
zeux/meshoptimizer,cb0618c14c125bb7
