full_name,status,path_hash,lines,gh_eq_decl,gh_eq_raw,differ,differ_gh_eq_decl,differ_gh_eq_raw,decl_share,raw_share,differ_decl,differ_raw
SixLabors/ImageSharp,OK,37d96e0f6dbcb883,403,403,360,43,43,0,1.0,0.8933002481389578,1.0,0.0
micropython/micropython,OK,ed3ddf226f497e0f,267,267,266,1,1,0,1.0,0.9962546816479401,1.0,0.0
gitkraken/vscode-gitlens,OK,60535e9278b0881c,491,491,488,3,3,0,1.0,0.9938900203665988,1.0,0.0
blender/blender,OK,d1f224f0f2a28ceb,726,726,337,389,389,0,1.0,0.4641873278236915,1.0,0.0
robotframework/robotframework,OK,f46ecd58c68fdd13,102,102,85,17,17,0,1.0,0.8333333333333334,1.0,0.0
falcosecurity/falco,OK,fd09fd6579e14fd8,125,125,86,39,39,0,1.0,0.688,1.0,0.0
OpenVPN/openvpn,OK,d73abdd16ec910cc,290,290,144,146,146,0,1.0,0.496551724137931,1.0,0.0
compiler-explorer/compiler-explorer,OK,55e77c5880490192,36,36,33,3,3,0,1.0,0.9166666666666666,1.0,0.0
swig/swig,OK,ff68c6bd3fac9bfa,840,840,817,23,23,0,1.0,0.9726190476190476,1.0,0.0
highlightjs/highlight.js,OK,f8fbbf1bc2d81882,182,182,169,13,13,0,1.0,0.9285714285714286,1.0,0.0
tianocore/edk2,OK,c744d782ef972fd3,50,50,42,8,8,0,1.0,0.84,1.0,0.0
mhammond/pywin32,OK,c85fc754b70c8118,40,40,18,22,22,0,1.0,0.45,1.0,0.0
macvim-dev/macvim,OK,ea763fdb2cbd2223,3762,3762,3760,2,2,0,1.0,0.9994683678894205,1.0,0.0
ppy/osu,OK,43c09f33b5588996,37,37,36,1,1,0,1.0,0.972972972972973,1.0,0.0
mamba-org/mamba,OK,323eb1cd52c4608d,4,4,3,1,1,0,1.0,0.75,1.0,0.0
scala/scala3,OK,72b0f041b590242f,67,67,64,3,3,0,1.0,0.9552238805970149,1.0,0.0
python-pillow/Pillow,OK,c14dc7d9af4fe076,841,841,739,102,102,0,1.0,0.8787158145065398,1.0,0.0
postgresml/postgresml,OK,2aa1f2f5278c3570,127,127,57,70,70,0,1.0,0.44881889763779526,1.0,0.0
rtk-ai/rtk,OK,9ca35bfffc22ffd5,997,997,971,26,26,0,1.0,0.9739217652958877,1.0,0.0
cakephp/cakephp,OK,bbb3aa16ac494221,49,49,48,1,1,0,1.0,0.9795918367346939,1.0,0.0
libusb/libusb,OK,91c5b46dc84a9460,383,383,380,3,3,0,1.0,0.9921671018276762,1.0,0.0
official-stockfish/Stockfish,OK,862ad4fef92c4e30,461,461,404,57,57,0,1.0,0.8763557483731019,1.0,0.0
Portkey-AI/gateway,OK,39b2554fd18da165,117,117,53,64,64,0,1.0,0.452991452991453,1.0,0.0
neovim/neovim,OK,edb15e7584eeacc1,443,443,429,14,14,0,1.0,0.9683972911963883,1.0,0.0
bilawalsidhu/gods-eye-view,OK,12703e71314501ca,502,502,404,98,98,0,1.0,0.8047808764940239,1.0,0.0
NixOS/nix,OK,134bd96851578cfb,69,69,66,3,3,0,1.0,0.9565217391304348,1.0,0.0
alshedivat/al-folio,OK,48f65d0b248e64f1,81,81,72,9,9,0,1.0,0.8888888888888888,1.0,0.0
janestreet/magic-trace,OK,0d4460c25a1ed888,97,97,93,4,4,0,1.0,0.9587628865979382,1.0,0.0
dlt-hub/dlt,OK,1248805f9a3a8560,1115,1115,921,194,194,0,1.0,0.8260089686098655,1.0,0.0
openssl/openssl,OK,4085ac38de4d172e,23,23,22,1,1,0,1.0,0.9565217391304348,1.0,0.0
discourse/discourse,OK,97f2d8f25eec43d2,147,147,141,6,6,0,1.0,0.9591836734693877,1.0,0.0
pyinfra-dev/pyinfra,OK,ccebe3f33a669c02,107,107,106,1,1,0,1.0,0.9906542056074766,1.0,0.0
getsentry/sentry-javascript,OK,8a781dc6af1e02b9,6,6,5,1,1,0,1.0,0.8333333333333334,1.0,0.0
RSS-Bridge/rss-bridge,OK,667dda9bb559ae55,25,25,6,19,19,0,1.0,0.24,1.0,0.0
valhalla/valhalla,OK,01142328c67f917d,121,121,115,6,6,0,1.0,0.9504132231404959,1.0,0.0
tensorflow/tensorboard,OK,48e4d5937fc9f015,1041,1041,625,416,416,0,1.0,0.6003842459173871,1.0,0.0
rime/weasel,OK,d6c581e27c81aad8,51,51,16,35,35,0,1.0,0.3137254901960784,1.0,0.0
brndnmtthws/conky,OK,9cfbfa8b42e048bb,42,42,39,3,3,0,1.0,0.9285714285714286,1.0,0.0
fonttools/fonttools,OK,2faf5af7dafedcd2,215,215,142,73,73,0,1.0,0.6604651162790698,1.0,0.0
dolphin-emu/dolphin,OK,c817905baf4f25b7,113,113,98,15,15,0,1.0,0.8672566371681416,1.0,0.0
oxc-project/oxc,OK,895abac1600a8996,768,768,651,117,117,0,1.0,0.84765625,1.0,0.0
TypeStrong/ts-node,OK,5f74e7a7c884ffc6,3,3,1,2,2,0,1.0,0.3333333333333333,1.0,0.0
RfidResearchGroup/proxmark3,OK,8fc2f417fc88c9ab,521,521,497,24,24,0,1.0,0.9539347408829175,1.0,0.0
discordjs/discord.js,OK,ad558bfd699876e0,33,33,32,1,1,0,1.0,0.9696969696969697,1.0,0.0
django-oscar/django-oscar,OK,98f469a29bf17eec,125,125,88,37,37,0,1.0,0.704,1.0,0.0
Rapptz/discord.py,OK,2a95accb1c93fac9,610,610,607,3,3,0,1.0,0.9950819672131147,1.0,0.0
Stirling-Tools/Stirling-PDF,OK,76056236de051551,520,520,519,1,1,0,1.0,0.9980769230769231,1.0,0.0
pwr-Solaar/Solaar,OK,36efe3d86e11022d,112,112,101,11,11,0,1.0,0.9017857142857143,1.0,0.0
ZoneMinder/zoneminder,OK,810f714dfab8d194,78,78,73,5,5,0,1.0,0.9358974358974359,1.0,0.0
ansible/awx,OK,1d159b81d52c7e33,89,89,88,1,1,0,1.0,0.9887640449438202,1.0,0.0
11ty/buildawesome,OK,63e58f63641ea478,699,699,486,213,213,0,1.0,0.6952789699570815,1.0,0.0
solidusio/solidus,OK,d6a39f9c2ac5e4f8,71,71,67,4,4,0,1.0,0.9436619718309859,1.0,0.0
zeek/zeek,OK,578ee5ed9c84b849,23,23,10,13,13,0,1.0,0.43478260869565216,1.0,0.0
saltstack/salt,OK,2eb52510e9c8bff7,343,343,240,103,103,0,1.0,0.6997084548104956,1.0,0.0
FEX-Emu/FEX,OK,a334b7f7cff74b90,57,57,25,32,32,0,1.0,0.43859649122807015,1.0,0.0
GetStream/Vision-Agents,OK,cba5126fbbd4be8b,111,111,103,8,8,0,1.0,0.9279279279279279,1.0,0.0
pbek/QOwnNotes,OK,586f38664bb9ff4d,421,421,331,90,90,0,1.0,0.7862232779097387,1.0,0.0
App-vNext/Polly,OK,48c30fb85b2b21b0,8,8,7,1,1,0,1.0,0.875,1.0,0.0
matplotlib/matplotlib,OK,e5e70a20f3b049ac,34,34,33,1,1,0,1.0,0.9705882352941176,1.0,0.0
WebAssembly/wabt,OK,0c342158529b6197,70,70,57,13,13,0,1.0,0.8142857142857143,1.0,0.0
EsotericSoftware/spine-runtimes,OK,47767e084c9ddf3f,459,459,329,130,130,0,1.0,0.7167755991285403,1.0,0.0
andrewyng/aisuite,OK,bde0fb7a1abc796f,288,288,282,6,6,0,1.0,0.9791666666666666,1.0,0.0
OpenMW/openmw,OK,4f016f7657353551,326,326,235,91,91,0,1.0,0.7208588957055214,1.0,0.0
typescript-eslint/typescript-eslint,OK,4832097ebdb8ccf5,34,34,32,2,2,0,1.0,0.9411764705882353,1.0,0.0
akka/akka-core,OK,87a4709a929e4db1,189,189,184,5,5,0,1.0,0.9735449735449735,1.0,0.0
observablehq/plot,OK,b3105d20baa70b10,86,86,71,15,15,0,1.0,0.8255813953488372,1.0,0.0
binwiederhier/ntfy,OK,1b47b4d60d8374ab,88,88,72,16,16,0,1.0,0.8181818181818182,1.0,0.0
apple/foundationdb,OK,8b7923bfc5cc442a,41,41,31,10,10,0,1.0,0.7560975609756098,1.0,0.0
highlight/highlight,OK,7fc9a7a650fc7ec2,17,17,4,13,13,0,1.0,0.23529411764705882,1.0,0.0
ruby/ruby,OK,a68f10f1535de233,274,274,253,21,21,0,1.0,0.9233576642335767,1.0,0.0
spring-projects/spring-boot,OK,a9ad0f5ba9941234,135,135,132,3,3,0,1.0,0.9777777777777777,1.0,0.0
chocolatey/choco,OK,56c83e4e3e69e032,167,167,158,9,9,0,1.0,0.9461077844311377,1.0,0.0
apple/swift-nio,OK,3bf0ad1b84a0981f,302,302,249,53,53,0,1.0,0.8245033112582781,1.0,0.0
getsops/sops,OK,bfefa0adbe3e1198,102,102,101,1,1,0,1.0,0.9901960784313726,1.0,0.0
serenity-rs/serenity,OK,f9a3b0a0e898a607,11,11,9,2,2,0,1.0,0.8181818181818182,1.0,0.0
getsentry/sentry,OK,a2939ac4e39258a3,54,54,52,2,2,0,1.0,0.9629629629629629,1.0,0.0
NVIDIA/apex,OK,629320e9919dacb7,207,207,203,4,4,0,1.0,0.9806763285024155,1.0,0.0
vyperlang/vyper,OK,bbaaca716faab356,252,252,251,1,1,0,1.0,0.996031746031746,1.0,0.0
esp8266/Arduino,OK,8415ae2b401b7e55,38,38,33,5,5,0,1.0,0.868421052631579,1.0,0.0
alicevision/Meshroom,OK,a6176afc41cca139,19,19,15,4,4,0,1.0,0.7894736842105263,1.0,0.0
NVIDIA/DALI,OK,e80d6c6980156415,214,214,211,3,3,0,1.0,0.985981308411215,1.0,0.0
docling-project/docling,OK,50f887a6d2bd5293,609,609,607,2,2,0,1.0,0.9967159277504105,1.0,0.0
cloudflare/workerd,OK,ed3317332b532476,120,120,119,1,1,0,1.0,0.9916666666666667,1.0,0.0
wxWidgets/wxWidgets,OK,a8a939ef5549e150,727,727,725,2,2,0,1.0,0.9972489683631361,1.0,0.0
DefinitelyTyped/DefinitelyTyped,OK,0242c3ce1b31e3d3,13,13,11,2,2,0,1.0,0.8461538461538461,1.0,0.0
mongodb/mongo,OK,d539d1f50b23ef1d,110,110,106,4,4,0,1.0,0.9636363636363636,1.0,0.0
modelcontextprotocol/python-sdk,OK,e9da357dd9e1fbd6,522,522,507,15,15,0,1.0,0.9712643678160919,1.0,0.0
ansible/ansible,OK,53595af45baf676c,32,32,29,3,3,0,1.0,0.90625,1.0,0.0
zed-industries/zed,OK,e46a761bfff9d447,346,346,163,183,183,0,1.0,0.47109826589595377,1.0,0.0
pytorch/vision,OK,1cc7e191b2feaf5e,503,503,497,6,6,0,1.0,0.9880715705765407,1.0,0.0
PHP-CS-Fixer/PHP-CS-Fixer,OK,06495a3f889d48c5,92,92,86,6,6,0,1.0,0.9347826086956522,1.0,0.0
dendronhq/dendron,OK,fd5f6dcf41167cb4,1,1,0,1,1,0,1.0,0.0,1.0,0.0
secdev/scapy,OK,24bcc95afc36e0b2,844,844,821,23,23,0,1.0,0.9727488151658767,1.0,0.0
gitextensions/gitextensions,OK,7c04c876eb66fc86,136,136,13,123,123,0,1.0,0.09558823529411764,1.0,0.0
astral-sh/ruff,OK,c077a2eb809e80f0,325,325,316,9,9,0,1.0,0.9723076923076923,1.0,0.0
babel/babel,OK,4dd5d4de69fda4b9,310,310,308,2,2,0,1.0,0.9935483870967742,1.0,0.0
qtile/qtile,OK,f7b30601465f5a98,59,59,53,6,6,0,1.0,0.8983050847457628,1.0,0.0
HKUDS/LightRAG,OK,8a219dc4c5fdf565,1198,1198,1121,77,77,0,1.0,0.9357262103505843,1.0,0.0
bitsandbytes-foundation/bitsandbytes,OK,759ccdeb969ab61d,346,346,194,152,152,0,1.0,0.5606936416184971,1.0,0.0
element-hq/element-web,OK,5c3fa597431eda03,79,79,72,7,7,0,1.0,0.9113924050632911,1.0,0.0
psf/requests,OK,05180dda5cdc530f,3094,3094,2212,882,882,0,1.0,0.7149321266968326,1.0,0.0
vuejs/core,OK,cb11ff1bf642ed93,39,39,30,9,9,0,1.0,0.7692307692307693,1.0,0.0
MaaAssistantArknights/MaaAssistantArknights,OK,2ee773050bf40847,604,604,602,2,2,0,1.0,0.9966887417218543,1.0,0.0
electron/forge,OK,706470a5f61dcac8,168,168,99,69,69,0,1.0,0.5892857142857143,1.0,0.0
jupyterlab/jupyterlab,OK,0e1b168a924f206d,41,41,39,2,2,0,1.0,0.9512195121951219,1.0,0.0
baserow/baserow,OK,e4ff7891ba5749cc,1638,1638,1589,49,49,0,1.0,0.9700854700854701,1.0,0.0
borgbackup/borg,OK,d2c44773b517b442,256,256,252,4,4,0,1.0,0.984375,1.0,0.0
biomejs/biome,OK,e404e05fb50f8b62,626,626,625,1,1,0,1.0,0.9984025559105432,1.0,0.0
apache/airflow,OK,e8d4f3135ba3e7fa,104,104,97,7,7,0,1.0,0.9326923076923077,1.0,0.0
portainer/portainer,OK,969187b3e6882d94,34,34,33,1,1,0,1.0,0.9705882352941176,1.0,0.0
bitwarden/server,OK,d1b003739fa9bb14,14,14,7,7,7,0,1.0,0.5,1.0,0.0
guardian/frontend,OK,892d7a86fb3fc304,1122,1122,1119,3,3,0,1.0,0.9973262032085561,1.0,0.0
rust-lang/book,OK,7095e52695748427,185,185,183,2,2,0,1.0,0.9891891891891892,1.0,0.0
frappe/erpnext,OK,604e1d53a9e413da,23,23,12,11,11,0,1.0,0.5217391304347826,1.0,0.0
paramiko/paramiko,OK,e3b9783b80abb6f7,316,316,313,3,3,0,1.0,0.990506329113924,1.0,0.0
zeromq/libzmq,OK,3a0e57b99860ec04,55,55,39,16,16,0,1.0,0.7090909090909091,1.0,0.0
redpanda-data/redpanda,OK,2526100bdb158053,473,473,464,9,9,0,1.0,0.9809725158562368,1.0,0.0
home-assistant/core,OK,778de472fcb2cb7e,331,331,320,11,11,0,1.0,0.9667673716012085,1.0,0.0
apache/maven,OK,b398f1e02fcebedc,80,80,76,4,4,0,1.0,0.95,1.0,0.0
headroomlabs-ai/headroom,OK,692fbc9b6a373f0d,302,302,49,253,253,0,1.0,0.16225165562913907,1.0,0.0
emscripten-core/emscripten,OK,3ee78d5438cf9e45,43,43,24,19,19,0,1.0,0.5581395348837209,1.0,0.0
withastro/starlight,OK,7e35d779f2e58be8,48,48,13,35,35,0,1.0,0.2708333333333333,1.0,0.0
NVIDIA/cuml,OK,8a16e324ed6701ec,74,74,37,37,37,0,1.0,0.5,1.0,0.0
NVIDIA/nccl,OK,99ce3989de05859c,55,55,52,3,3,0,1.0,0.9454545454545454,1.0,0.0
obsproject/obs-studio,OK,cb5b44799d4a23d3,150,150,131,19,19,0,1.0,0.8733333333333333,1.0,0.0
apple/pkl,OK,f25628fd7977653c,70,70,59,11,11,0,1.0,0.8428571428571429,1.0,0.0
libfuse/sshfs,OK,510f2a3b94ff5c20,648,648,647,1,1,0,1.0,0.9984567901234568,1.0,0.0
ntop/ntopng,OK,f32b2ebaf233688e,448,448,269,179,179,0,1.0,0.6004464285714286,1.0,0.0
comet-ml/opik,OK,7414c31a0be1cc07,34,34,31,3,3,0,1.0,0.9117647058823529,1.0,0.0
foundry-rs/foundry,OK,aa117de7f92907ec,119,119,118,1,1,0,1.0,0.9915966386554622,1.0,0.0
typelevel/cats,OK,ee8f8c28676fb28f,44,44,43,1,1,0,1.0,0.9772727272727273,1.0,0.0
XRPLF/rippled,OK,85ad6450f55d7eb3,546,546,466,80,80,0,1.0,0.8534798534798534,1.0,0.0
dotnet/aspnetcore,OK,2a4fc7ae669d9d27,35,35,25,10,10,0,1.0,0.7142857142857143,1.0,0.0
vllm-project/vllm,OK,5de213e42d02343e,241,241,234,7,7,0,1.0,0.970954356846473,1.0,0.0
emacs-lsp/lsp-mode,OK,9eaba4c9b84dbb85,18,18,17,1,1,0,1.0,0.9444444444444444,1.0,0.0
linuxmint/cinnamon,OK,64b885f5f187c6bb,357,357,352,5,5,0,1.0,0.9859943977591037,1.0,0.0
foliojs/pdfkit,OK,65805fb7edcc71c0,278,278,235,43,43,0,1.0,0.8453237410071942,1.0,0.0
frappe/frappe,OK,1f731724938db9aa,53,53,48,5,5,0,1.0,0.9056603773584906,1.0,0.0
dotnet/msbuild,OK,6e0bd66852818b9c,287,287,281,6,6,0,1.0,0.9790940766550522,1.0,0.0
PyGithub/PyGithub,OK,e6ab903e948b8d06,52,52,48,4,4,0,1.0,0.9230769230769231,1.0,0.0
twisted/twisted,OK,bd4b887237166d35,647,647,586,61,61,0,1.0,0.9057187017001546,1.0,0.0
BerriAI/litellm,OK,6a6e5a26d23e0f3f,216,216,200,16,16,0,1.0,0.9259259259259259,1.0,0.0
rainmeter/rainmeter,OK,a7b519ccd35983f0,86,86,25,61,61,0,1.0,0.29069767441860467,1.0,0.0
rust-windowing/winit,OK,51afc5d77bc899fd,11,11,9,2,2,0,1.0,0.8181818181818182,1.0,0.0
coder/code-server,OK,e1f89aee8992fa70,1008,1008,996,12,12,0,1.0,0.9880952380952381,1.0,0.0
statelyai/xstate,OK,4c2458380e50c967,2881,2881,2733,148,148,0,1.0,0.9486289482818466,1.0,0.0
withastro/astro,OK,a04811a31319b084,112,112,108,4,4,0,1.0,0.9642857142857143,1.0,0.0
locustio/locust,OK,13129f8028de5808,513,513,482,31,31,0,1.0,0.9395711500974658,1.0,0.0
YOURLS/YOURLS,OK,75f9ad356692d81c,247,247,182,65,65,0,1.0,0.7368421052631579,1.0,0.0
growthbook/growthbook,OK,9bf59dfe085be8b6,4994,4994,4939,55,55,0,1.0,0.9889867841409692,1.0,0.0
apache/maka,OK,77179d934b84f1ed,255,255,241,14,14,0,1.0,0.9450980392156862,1.0,0.0
enso-org/enso,OK,a3213d44b73ec3d3,54,54,26,28,28,0,1.0,0.48148148148148145,1.0,0.0
OctoPrint/OctoPrint,OK,30494b981d0c0dfc,86,86,42,44,44,0,1.0,0.4883720930232558,1.0,0.0
hibernate/hibernate-orm,OK,8f997f4eb1d6d3da,345,345,337,8,8,0,1.0,0.9768115942028985,1.0,0.0
bentoml/OpenLLM,OK,63a9c44a44acf85f,52,52,48,4,4,0,1.0,0.9230769230769231,1.0,0.0
ohmybash/oh-my-bash,OK,dfb99e015aabbc0a,45,45,43,2,2,0,1.0,0.9555555555555556,1.0,0.0
neondatabase/neon,OK,aad3374c91709637,408,408,369,39,39,0,1.0,0.9044117647058824,1.0,0.0
pypa/pip,OK,e870bd50029a4257,20,20,14,6,6,0,1.0,0.7,1.0,0.0
quantumlib/Cirq,OK,063c6d6bea841dd5,207,207,197,10,10,0,1.0,0.9516908212560387,1.0,0.0
dependabot/dependabot-core,OK,8205be8c8f457356,119,119,117,2,2,0,1.0,0.9831932773109243,1.0,0.0
ArduPilot/ardupilot,OK,25a9fdc184bca1e2,39,39,35,4,4,0,1.0,0.8974358974358975,1.0,0.0
jupytext/jupytext,OK,47d4995b5627a5d1,341,341,324,17,17,0,1.0,0.9501466275659824,1.0,0.0
rust-lang/cargo,OK,c8000673ff5e9eb4,908,908,800,108,108,0,1.0,0.8810572687224669,1.0,0.0
ray-project/ray,OK,77f6a66645a80caa,13,13,6,7,7,0,1.0,0.46153846153846156,1.0,0.0
quarto-dev/quarto-cli,OK,3794ceb765fded69,796,796,781,15,15,0,1.0,0.9811557788944724,1.0,0.0
instantdb/instant,OK,c632736038491b59,56,56,55,1,1,0,1.0,0.9821428571428571,1.0,0.0
eslint/eslint,OK,034e8325a38f2524,110,110,34,76,76,0,1.0,0.3090909090909091,1.0,0.0
AUTOMATIC1111/stable-diffusion-webui,OK,362e762d8b52142b,268,268,168,100,100,0,1.0,0.6268656716417911,1.0,0.0
valkey-io/valkey,OK,7580fd8ad6cc632a,776,776,624,152,152,0,1.0,0.8041237113402062,1.0,0.0
readthedocs/readthedocs.org,OK,c1c3372d4bd36c8a,40,40,37,3,3,0,1.0,0.925,1.0,0.0
icsharpcode/ILSpy,OK,b29631b6bd94d282,72,72,71,1,1,0,1.0,0.9861111111111112,1.0,0.0
questdb/questdb,OK,e0c3947f7b9c7262,185,185,179,6,6,0,1.0,0.9675675675675676,1.0,0.0
antiwork/shortest,OK,04a1b33fb8350812,77,77,75,2,2,0,1.0,0.974025974025974,1.0,0.0
hylang/hy,OK,55ce87014e86b396,2135,2135,1824,311,311,0,1.0,0.8543325526932084,1.0,0.0
google/gson,OK,248656b3fe1860e4,213,213,152,61,61,0,1.0,0.7136150234741784,1.0,0.0
simonw/datasette,OK,98a905cde294e8bc,307,307,297,10,10,0,1.0,0.9674267100977199,1.0,0.0
dahlbyk/posh-git,OK,18065b96b2a2f3d5,85,85,12,73,73,0,1.0,0.1411764705882353,1.0,0.0
networkx/networkx,OK,40c874139c1a50f7,1067,1067,975,92,92,0,1.0,0.9137769447047798,1.0,0.0
timber/timber,OK,efcfcfee1258963b,135,135,44,91,91,0,1.0,0.32592592592592595,1.0,0.0
rails/rails,OK,e949e25d7014ce18,45,45,42,3,3,0,1.0,0.9333333333333333,1.0,0.0
Choices-js/Choices,OK,bc0be08a0cd7a73f,417,417,409,8,8,0,1.0,0.9808153477218226,1.0,0.0
godotengine/godot,OK,fb9b9c63abe7a879,66,66,35,31,31,0,1.0,0.5303030303030303,1.0,0.0
spack/spack,OK,fea6509701fee5dc,76,76,56,20,20,0,1.0,0.7368421052631579,1.0,0.0
hashicorp/terraform,OK,bb4af7eecfa3569d,66,66,65,1,1,0,1.0,0.9848484848484849,1.0,0.0
apify/apify-mcp-server,OK,19c81cd6a819ae6b,265,265,120,145,145,0,1.0,0.4528301886792453,1.0,0.0
microsoft/vscode,OK,dd7d42533af3ca3c,68,68,67,1,1,0,1.0,0.9852941176470589,1.0,0.0
clash-verge-rev/clash-verge-rev,OK,442bf566a4887bab,52,52,33,19,19,0,1.0,0.6346153846153846,1.0,0.0
apache/iotdb,OK,23ca8cac8d8b5460,113,113,100,13,13,0,1.0,0.8849557522123894,1.0,0.0
navidrome/navidrome,OK,6a294ff9722e5161,81,81,80,1,1,0,1.0,0.9876543209876543,1.0,0.0
spyder-ide/spyder,OK,045f82700b08ffcf,509,509,162,347,347,0,1.0,0.3182711198428291,1.0,0.0
apache/flink,OK,5a45e05cf532f1e4,280,280,109,171,171,0,1.0,0.3892857142857143,1.0,0.0
symfony/symfony,OK,fd45ce0061f97712,78,78,76,2,2,0,1.0,0.9743589743589743,1.0,0.0
timescale/timescaledb,OK,f005ce6ac10f0540,26,26,24,2,2,0,1.0,0.9230769230769231,1.0,0.0
jemalloc/jemalloc,OK,90683b77bc7d1883,407,407,340,67,67,0,1.0,0.8353808353808354,1.0,0.0
joomla/joomla-cms,OK,49eaa642d54dc5cf,33,33,25,8,8,0,1.0,0.7575757575757576,1.0,0.0
SWE-agent/SWE-agent,OK,0c76c033dbce3470,131,131,124,7,7,0,1.0,0.9465648854961832,1.0,0.0
changesets/changesets,OK,917af16cbc2b6837,1546,1546,1520,26,26,0,1.0,0.9831824062095731,1.0,0.0
yugabyte/yugabyte-db,OK,e6cf8f7e5e6c5a57,171,171,163,8,8,0,1.0,0.9532163742690059,1.0,0.0
ManimCommunity/manim,OK,fa8fe466fb7275e6,3692,3692,3691,1,1,0,1.0,0.9997291440953413,1.0,0.0
pydantic/pydantic,OK,06dbaa0a16810a6d,1351,1351,1350,1,1,0,1.0,0.999259807549963,1.0,0.0
software-mansion/react-native-reanimated,OK,a66501c18d15c736,21,21,19,2,2,0,1.0,0.9047619047619048,1.0,0.0
aseprite/aseprite,OK,db2c2da807d2c894,44,44,24,20,20,0,1.0,0.5454545454545454,1.0,0.0
nix-community/home-manager,OK,00e31e7d6f3e1aa6,27,27,23,4,4,0,1.0,0.8518518518518519,1.0,0.0
semantic-release/semantic-release,OK,14fdb6448f197192,339,339,338,1,1,0,1.0,0.9970501474926253,1.0,0.0
v8/v8,OK,e22ae310989b7f58,85,85,83,2,2,0,1.0,0.9764705882352941,1.0,0.0
openscad/openscad,OK,ada0991ad2cd0749,127,127,126,1,1,0,1.0,0.9921259842519685,1.0,0.0
pytorch/pytorch,OK,b6bb6e41a0e0c3ea,38,38,27,11,11,0,1.0,0.7105263157894737,1.0,0.0
vosen/ZLUDA,OK,e8a7a7bd360d78e9,2913,2913,1078,1835,1835,0,1.0,0.3700652248541023,1.0,0.0
pythonnet/pythonnet,OK,957449fcbc672b16,63,63,11,52,52,0,1.0,0.1746031746031746,1.0,0.0
scipy/scipy,OK,16c8bbcf8ddc8075,353,353,347,6,6,0,1.0,0.9830028328611898,1.0,0.0
triton-lang/triton,OK,89c7e7a9ece66e05,573,573,572,1,1,0,1.0,0.9982547993019197,1.0,0.0
web-infra-dev/rspack,OK,14e3151c3a80877e,21,21,8,13,13,0,1.0,0.38095238095238093,1.0,0.0
MaartenGr/BERTopic,OK,e4ff2ffe0dfdb318,4,4,3,1,1,0,1.0,0.75,1.0,0.0
grpc/grpc,OK,c6f3f9828f4520e9,48,48,40,8,8,0,1.0,0.8333333333333334,1.0,0.0
grokability/snipe-it,OK,e452dd3b606af3cd,32,32,29,3,3,0,1.0,0.90625,1.0,0.0
Kong/insomnia,OK,263c43b949febd05,64,64,62,2,2,0,1.0,0.96875,1.0,0.0
OSGeo/gdal,OK,1b995c55c487d04d,193,193,191,2,2,0,1.0,0.9896373056994818,1.0,0.0
matomo-org/matomo,OK,33d12132e82ba6fa,16,16,14,2,2,0,1.0,0.875,1.0,0.0
youki-dev/youki,OK,537defbec68cd1b4,68,68,66,2,2,0,1.0,0.9705882352941176,1.0,0.0
lightgbm-org/LightGBM,OK,e2737b845aedd431,65,65,60,5,5,0,1.0,0.9230769230769231,1.0,0.0
rust-lang/mdBook,OK,8f82af8343c10d89,69,69,68,1,1,0,1.0,0.9855072463768116,1.0,0.0
wandb/wandb,OK,947b4a7e074c8d6c,98,98,96,2,2,0,1.0,0.9795918367346939,1.0,0.0
sqlalchemy/sqlalchemy,OK,4388819a7e029a42,107,107,93,14,14,0,1.0,0.8691588785046729,1.0,0.0
WordPress/gutenberg,OK,68902db0bb0e7b42,159,159,158,1,1,0,1.0,0.9937106918238994,1.0,0.0
vuejs/vue,OK,8d9ebca802ecfbc3,269,269,192,77,77,0,1.0,0.7137546468401487,1.0,0.0
jenkinsci/docker,OK,e6ffa5dc854b843b,239,239,169,70,70,0,1.0,0.7071129707112971,1.0,0.0
wagtail/wagtail,OK,2f55fc8a392b4734,9,9,8,1,1,0,1.0,0.8888888888888888,1.0,0.0
onnx/onnx,OK,beea32a63d720467,37,37,30,7,7,0,1.0,0.8108108108108109,1.0,0.0
software-mansion/react-native-svg,OK,dc96cbfd22ba0581,48,48,32,16,16,0,1.0,0.6666666666666666,1.0,0.0
TryGhost/Ghost,OK,96c0d682a8e0c44b,54,54,10,44,44,0,1.0,0.18518518518518517,1.0,0.0
XAMPPRocky/tokei,OK,dee50933e51ae370,2124,2124,1324,800,800,0,1.0,0.623352165725047,1.0,0.0
dbcli/mycli,OK,3bd14d078188074c,3126,3126,3124,2,2,0,1.0,0.999360204734485,1.0,0.0
dicedb/dicedb,OK,7580fd8ad6cc632a,775,775,615,160,160,0,1.0,0.7935483870967742,1.0,0.0
Flagsmith/flagsmith,OK,19c3dc72ac51cec0,242,242,218,24,24,0,1.0,0.9008264462809917,1.0,0.0
scikit-learn/scikit-learn,OK,83adf85c3bcf9564,375,375,346,29,29,0,1.0,0.9226666666666666,1.0,0.0
asdf-vm/asdf,OK,c40f556f3c6323f0,135,135,127,8,8,0,1.0,0.9407407407407408,1.0,0.0
yiisoft/yii2,OK,27e34ee0138beb41,296,296,201,95,95,0,1.0,0.6790540540540541,1.0,0.0
python/mypy,OK,33767304521bc72e,285,285,236,49,49,0,1.0,0.8280701754385965,1.0,0.0
aio-libs/aiohttp,OK,a7053da362f67dca,1753,1753,1661,92,92,0,1.0,0.9475185396463206,1.0,0.0
sgl-project/sglang,OK,4c4927e9c36e53b8,727,727,726,1,1,0,1.0,0.9986244841815681,1.0,0.0
electron/electron,OK,72e802c21aaff4fe,1400,1400,1398,2,2,0,1.0,0.9985714285714286,1.0,0.0
scrapy/scrapy,OK,7cab305a6a785401,421,421,397,24,24,0,1.0,0.9429928741092637,1.0,0.0
rust-lang/rust-analyzer,OK,97e213a382d2bc6e,186,186,169,17,17,0,1.0,0.9086021505376344,1.0,0.0
google/flax,OK,e89c314ef5dd72c6,52,52,50,2,2,0,1.0,0.9615384615384616,1.0,0.0
bitwarden/clients,OK,acfa305c21b850bf,31,31,30,1,1,0,1.0,0.967741935483871,1.0,0.0
microsoft/terminal,OK,f2a87a70c01ab7cf,110,110,109,1,1,0,1.0,0.990909090909091,1.0,0.0
quartznet/quartznet,OK,1effd5100879c104,360,360,211,149,149,0,1.0,0.5861111111111111,1.0,0.0
libvips/libvips,OK,46b6d485e641f336,595,595,441,154,154,0,1.0,0.7411764705882353,1.0,0.0
marimo-team/marimo,OK,0980f5ede1eb64f8,585,585,583,2,2,0,1.0,0.9965811965811966,1.0,0.0
reduxjs/redux,OK,d38d020775e46c32,931,931,922,9,9,0,1.0,0.9903329752953813,1.0,0.0
getmoto/moto,OK,7bedab2c6b2ad136,261,261,233,28,28,0,1.0,0.89272030651341,1.0,0.0
Qiskit/qiskit,OK,7a1b2b397745e1d3,214,214,211,3,3,0,1.0,0.985981308411215,1.0,0.0
beeware/toga,OK,d6c67d0d2dd14bc2,9,9,8,1,1,0,1.0,0.8888888888888888,1.0,0.0
WebAssembly/binaryen,OK,d705d9ef7a5c61b9,98,98,96,2,2,0,1.0,0.9795918367346939,1.0,0.0
nix-darwin/nix-darwin,OK,bc014b16375d3625,329,329,251,78,78,0,1.0,0.7629179331306991,1.0,0.0
react/react,OK,dacc83b5a475ec0a,55,55,52,3,3,0,1.0,0.9454545454545454,1.0,0.0
ibis-project/ibis,OK,9b66951a2a2e1e0d,177,177,164,13,13,0,1.0,0.9265536723163842,1.0,0.0
apache/cassandra,OK,f26b373f41d2bad3,158,158,157,1,1,0,1.0,0.9936708860759493,1.0,0.0
verl-project/verl,OK,e109d9098b677f95,109,109,90,19,19,0,1.0,0.8256880733944955,1.0,0.0
beetbox/beets,OK,033f04c6386e72ab,41,41,35,6,6,0,1.0,0.8536585365853658,1.0,0.0
refined-github/refined-github,OK,b4f6eeb9ed9b7452,57,57,52,5,5,0,1.0,0.9122807017543859,1.0,0.0
geopandas/geopandas,OK,2bf1533512765e9a,3002,3002,2965,37,37,0,1.0,0.9876748834110592,1.0,0.0
bpftrace/bpftrace,OK,f6bea5bb780ac5ca,1606,1606,1571,35,35,0,1.0,0.9782067247820673,1.0,0.0
vim/vim,OK,ea763fdb2cbd2223,3760,3760,3758,2,2,0,1.0,0.999468085106383,1.0,0.0
renpy/renpy,OK,e99c611c5d5e2a73,263,263,256,7,7,0,1.0,0.973384030418251,1.0,0.0
payloadcms/payload,OK,52d75492ba307920,586,586,529,57,57,0,1.0,0.9027303754266212,1.0,0.0
CherryHQ/cherry-studio,OK,f59a8d50c8dd837c,76,76,75,1,1,0,1.0,0.9868421052631579,1.0,0.0
awsdocs/aws-doc-sdk-examples,OK,1ce912a528e75292,69,69,55,14,14,0,1.0,0.7971014492753623,1.0,0.0
cvxpy/cvxpy,OK,92947afa1a453086,132,132,130,2,2,0,1.0,0.9848484848484849,1.0,0.0
ipython/ipython,OK,776d8acae1dbb42e,915,915,859,56,56,0,1.0,0.9387978142076503,1.0,0.0
instructure/canvas-lms,OK,03d7c23413373cdc,73,73,67,6,6,0,1.0,0.9178082191780822,1.0,0.0
otter-sec/anchor,OK,7855c7c95608fdca,19,19,17,2,2,0,1.0,0.8947368421052632,1.0,0.0
firecracker-microvm/firecracker,OK,1119f8f95b579027,274,274,224,50,50,0,1.0,0.8175182481751825,1.0,0.0
xbmc/xbmc,OK,9bad52baf024fe98,97,97,93,4,4,0,1.0,0.9587628865979382,1.0,0.0
vitejs/vite,OK,b497919a5b489596,10,10,8,2,2,0,1.0,0.8,1.0,0.0
apache/hbase,OK,e136d0e72253802e,149,149,129,20,20,0,1.0,0.8657718120805369,1.0,0.0
libp2p/rust-libp2p,OK,1ed1a31c63b1ebc7,213,213,206,7,7,0,1.0,0.9671361502347418,1.0,0.0
libgdx/libgdx,OK,b60a45c851704df6,534,534,233,301,301,0,1.0,0.4363295880149813,1.0,0.0
MetaMask/metamask-extension,OK,4076f5356ea04458,216,216,129,87,87,0,1.0,0.5972222222222222,1.0,0.0
KevinMusgrave/pytorch-metric-learning,OK,a3dfd3c8d3ed8553,90,90,28,62,62,0,1.0,0.3111111111111111,1.0,0.0
mruby/mruby,OK,4de7c842a0f87642,642,642,581,61,61,0,1.0,0.9049844236760125,1.0,0.0
tmuxinator/tmuxinator,OK,9174e6fd40534cab,245,245,243,2,2,0,1.0,0.9918367346938776,1.0,0.0
GothenburgBitFactory/taskwarrior,OK,086940363ce1a1a8,105,105,101,4,4,0,1.0,0.9619047619047619,1.0,0.0
elastic/elasticsearch,OK,d71209c2b5739892,228,228,216,12,12,0,1.0,0.9473684210526315,1.0,0.0
getpelican/pelican,OK,5821e556ac1a77a9,183,183,37,146,146,0,1.0,0.20218579234972678,1.0,0.0
markbates/goth,OK,7c1b8c5172fe7687,291,291,233,58,58,0,1.0,0.8006872852233677,1.0,0.0
rust-lang/rust,OK,1dcf2adac82283eb,24,24,22,2,2,0,1.0,0.9166666666666666,1.0,0.0
PrismLauncher/PrismLauncher,OK,0b3e53bb3fb8854f,37,37,12,25,25,0,1.0,0.32432432432432434,1.0,0.0
phoenixframework/phoenix_live_view,OK,4bbc3627a06bbb5d,6,6,4,2,2,0,1.0,0.6666666666666666,1.0,0.0
rocketride-org/rocketride-server,OK,420178e3de9bbe8d,111,111,108,3,3,0,1.0,0.972972972972973,1.0,0.0
graphql-dotnet/graphql-dotnet,OK,118f793bc33b1bc9,46,46,25,21,21,0,1.0,0.5434782608695652,1.0,0.0
rust-lang/futures-rs,OK,df9ab782852d2267,26,26,25,1,1,0,1.0,0.9615384615384616,1.0,0.0
huggingface/sentence-transformers,OK,ceb4ee12c532cd3d,210,210,209,1,1,0,1.0,0.9952380952380953,1.0,0.0
PostgresApp/PostgresApp,OK,30d604bfc0f73787,50,50,48,2,2,0,1.0,0.96,1.0,0.0
CesiumGS/cesium,OK,ed796b27100137ce,75,75,74,1,1,0,1.0,0.9866666666666667,1.0,0.0
streamlink/streamlink,OK,686c6dc64f2bca40,171,171,127,44,44,0,1.0,0.7426900584795322,1.0,0.0
Bash-it/bash-it,OK,8a67bcf43c4af736,385,385,229,156,156,0,1.0,0.5948051948051948,1.0,0.0
risingwavelabs/risingwave,OK,9248aa49fcca637e,158,158,151,7,7,0,1.0,0.9556962025316456,1.0,0.0
TagStudioDev/TagStudio,OK,c6b098646bf32c64,41,41,39,2,2,0,1.0,0.9512195121951219,1.0,0.0
Redot-Engine/redot-engine,OK,fb9b9c63abe7a879,74,74,41,33,33,0,1.0,0.5540540540540541,1.0,0.0
ankidroid/Anki-Android,OK,fec57eb0cac75fc1,109,109,40,69,69,0,1.0,0.3669724770642202,1.0,0.0
immutable-js/immutable-js,OK,54e0a98a9b82d858,278,278,276,2,2,0,1.0,0.9928057553956835,1.0,0.0
OrchardCMS/OrchardCore,OK,c32700f128f1a20b,9,9,5,4,4,0,1.0,0.5555555555555556,1.0,0.0
phpDocumentor/TypeResolver,OK,ede9f4aa851956ba,34,34,32,2,2,0,1.0,0.9411764705882353,1.0,0.0
domaindrivendev/Swashbuckle.AspNetCore,OK,01e8aa4a1dd3fb86,81,81,50,31,31,0,1.0,0.6172839506172839,1.0,0.0
TeamAmaze/AmazeFileManager,OK,437df2aca46c6db9,75,75,74,1,1,0,1.0,0.9866666666666667,1.0,0.0
halide/Halide,OK,70f130c819f7e733,182,182,165,17,17,0,1.0,0.9065934065934066,1.0,0.0
gitbucket/gitbucket,OK,97b4948e23a1ef7e,597,597,488,109,109,0,1.0,0.8174204355108877,1.0,0.0
coder/coder,OK,979d66f400d914f1,97,97,44,53,53,0,1.0,0.4536082474226804,1.0,0.0
Eventual-Inc/Daft,OK,51bb201e040b1647,586,586,585,1,1,0,1.0,0.9982935153583617,1.0,0.0
openjdk/jdk,OK,83ba4f513f316e2b,79,79,78,1,1,0,1.0,0.9873417721518988,1.0,0.0
postgres/postgres,OK,88fb44fd4aa1e187,525,525,519,6,6,0,1.0,0.9885714285714285,1.0,0.0
mermaid-js/mermaid-live-editor,OK,832091c18ac568a0,45,45,17,28,28,0,1.0,0.37777777777777777,1.0,0.0
unionlabs/union,OK,9a5bddb415785b76,25,25,18,7,7,0,1.0,0.72,1.0,0.0
gabime/spdlog,OK,afcd7916daa30cc5,58,58,47,11,11,0,1.0,0.8103448275862069,1.0,0.0
boto/boto3,OK,9d3644c884a79b99,145,145,143,2,2,0,1.0,0.9862068965517241,1.0,0.0
nasa/openmct,OK,e26a1e7140392f96,44,44,29,15,15,0,1.0,0.6590909090909091,1.0,0.0
invoke-ai/InvokeAI,OK,61d9e385fdde6724,47,47,46,1,1,0,1.0,0.9787234042553191,1.0,0.0
xournalpp/xournalpp,OK,6d9fcf6c7b24e3f4,133,133,84,49,49,0,1.0,0.631578947368421,1.0,0.0
sphinx-doc/sphinx,OK,895033d57a4fb7a1,50,50,47,3,3,0,1.0,0.94,1.0,0.0
jupyter/notebook,OK,0aae9537b516d136,376,376,365,11,11,0,1.0,0.9707446808510638,1.0,0.0
jd-opensource/nutui,OK,e5af2de6c3d30f96,44,44,38,6,6,0,1.0,0.8636363636363636,1.0,0.0
cmderdev/cmder,OK,06572a96a58dc510,1270,1270,1264,6,6,0,1.0,0.9952755905511811,1.0,0.0
qpdf/qpdf,OK,a1771a2ff0f36969,205,205,195,10,10,0,1.0,0.9512195121951219,1.0,0.0
taichi-dev/taichi,OK,82da1cccb3232c69,86,86,77,9,9,0,1.0,0.8953488372093024,1.0,0.0
mui/material-ui,OK,e2dca94969ec2958,102,102,100,2,2,0,1.0,0.9803921568627451,1.0,0.0
angular/angular,OK,3ad26c2f7d9400a0,137,137,136,1,1,0,1.0,0.9927007299270073,1.0,0.0
google/perfetto,OK,c7ecb566fc342180,188,188,187,1,1,0,1.0,0.9946808510638298,1.0,0.0
cloud-custodian/cloud-custodian,OK,1d731ed91f192c52,31,31,30,1,1,0,1.0,0.967741935483871,1.0,0.0
laramies/theHarvester,OK,28228c2c77e6bf23,350,350,349,1,1,0,1.0,0.9971428571428571,1.0,0.0
jenkinsci/jenkins,OK,ea57993d5d195f4e,4,4,1,3,3,0,1.0,0.25,1.0,0.0
pytest-dev/pytest,OK,cde9ee49a0a06de6,1751,1751,1510,241,241,0,1.0,0.8623643632210166,1.0,0.0
meteor/meteor,OK,28fa260be525a19e,15,15,8,7,7,0,1.0,0.5333333333333333,1.0,0.0
EFForg/rayhunter,OK,f8cd0fc9fbbb8070,61,61,57,4,4,0,1.0,0.9344262295081968,1.0,0.0
musescore/MuseScore,OK,41804119acdb1842,16,16,3,13,13,0,1.0,0.1875,1.0,0.0
jart/cosmopolitan,OK,a1d7e9945b8533ca,34,34,33,1,1,0,1.0,0.9705882352941176,1.0,0.0
angr/angr,OK,d92cc5f676af2a55,827,827,784,43,43,0,1.0,0.9480048367593712,1.0,0.0
espressif/esptool,OK,cb81210c4fb4f07d,163,163,120,43,43,0,1.0,0.7361963190184049,1.0,0.0
eza-community/eza,OK,4a03e1b7ecedae07,34,34,31,3,3,0,1.0,0.9117647058823529,1.0,0.0
orhun/git-cliff,OK,0a438830247e2e92,20,20,13,7,7,0,1.0,0.65,1.0,0.0
mozilla/pdf.js,OK,d74fb28b745d1c5b,368,368,356,12,12,0,1.0,0.967391304347826,1.0,0.0
ApeWorX/web3.py,OK,158d9911a9efb320,46,46,45,1,1,0,1.0,0.9782608695652174,1.0,0.0
OpenRCT2/OpenRCT2,OK,3ed839a0023e93c7,56,56,45,11,11,0,1.0,0.8035714285714286,1.0,0.0
mlflow/mlflow,OK,5de213e42d02343e,657,657,654,3,3,0,1.0,0.9954337899543378,1.0,0.0
frappe/hrms,OK,cb6903fe425d9cbc,171,171,123,48,48,0,1.0,0.7192982456140351,1.0,0.0
curl/curl,OK,0abb5852f8365e72,104,104,103,1,1,0,1.0,0.9903846153846154,1.0,0.0
python-trio/trio,OK,e38f3fec8ffb5268,180,180,168,12,12,0,1.0,0.9333333333333333,1.0,0.0
GoogleCloudPlatform/generative-ai,OK,75a8e9b39ce3508a,82,82,75,7,7,0,1.0,0.9146341463414634,1.0,0.0
Bogdanp/dramatiq,OK,ec84174468528471,113,113,111,2,2,0,1.0,0.9823008849557522,1.0,0.0
Cog-Creators/Red-DiscordBot,OK,b21f34b5854fda4e,967,967,961,6,6,0,1.0,0.9937952430196484,1.0,0.0
astropy/astropy,OK,6edb821009dddaeb,197,197,190,7,7,0,1.0,0.9644670050761421,1.0,0.0
lllyasviel/stable-diffusion-webui-forge,OK,362e762d8b52142b,268,268,169,99,99,0,1.0,0.6305970149253731,1.0,0.0
fivetran/great_expectations,OK,7f0f4e427075e3fe,633,633,603,30,30,0,1.0,0.95260663507109,1.0,0.0
onyx-dot-app/onyx,OK,13c67e86426c8265,418,418,407,11,11,0,1.0,0.9736842105263158,1.0,0.0
CapSoftware/Cap,OK,b7c696a1b450c0a4,30,30,22,8,8,0,1.0,0.7333333333333333,1.0,0.0
grpc-ecosystem/grpc-gateway,OK,a1fc3d96d9306f6b,77,77,32,45,45,0,1.0,0.4155844155844156,1.0,0.0
naudio/NAudio,OK,0cb74f89ce98a729,25,25,6,19,19,0,1.0,0.24,1.0,0.0
JuliaLang/julia,OK,0360835ee328be12,31,31,30,1,1,0,1.0,0.967741935483871,1.0,0.0
django/django,OK,fb89c447dab741fd,7,7,6,1,1,0,1.0,0.8571428571428571,1.0,0.0
Automattic/wp-calypso,OK,1dfe18e479081228,172,172,137,35,35,0,1.0,0.7965116279069767,1.0,0.0
treeverse/dvc,OK,64e9769483ebf74f,567,567,566,1,1,0,1.0,0.9982363315696648,1.0,0.0
qemu/qemu,OK,22edc9dc4f63e77e,207,207,202,5,5,0,1.0,0.9758454106280193,1.0,0.0
Lightning-AI/pytorch-lightning,OK,8d37b6ddb7a5efc9,21,21,20,1,1,0,1.0,0.9523809523809523,1.0,0.0
NicolasHug/Surprise,OK,1fb0b6b26b157f57,48,48,15,33,33,0,1.0,0.3125,1.0,0.0
conda/conda,OK,b237894d35d8ff98,161,161,138,23,23,0,1.0,0.8571428571428571,1.0,0.0
javaparser/javaparser,OK,bb59704bc839318c,67,67,62,5,5,0,1.0,0.9253731343283582,1.0,0.0
lichess-org/lila,OK,d7dd1a8e8abe5e47,17,17,10,7,7,0,1.0,0.5882352941176471,1.0,0.0
wkentaro/labelme,OK,c29d43c632d9da4d,415,415,386,29,29,0,1.0,0.9301204819277108,1.0,0.0
storybookjs/storybook,OK,0156a452bad5dc66,35,35,34,1,1,0,1.0,0.9714285714285714,1.0,0.0
teambit/bit,OK,63ae926a41cc991b,18,18,9,9,9,0,1.0,0.5,1.0,0.0
pylint-dev/pylint,OK,a9a64b6c011cc15c,576,576,553,23,23,0,1.0,0.9600694444444444,1.0,0.0
dask/dask,OK,02531423b0112fee,179,179,139,40,40,0,1.0,0.776536312849162,1.0,0.0
zeux/meshoptimizer,OK,5c3fa597431eda03,241,241,134,107,107,0,1.0,0.5560165975103735,1.0,0.0
netblue30/firejail,OK,1b673b124e01b2d5,49,49,48,1,1,0,1.0,0.9795918367346939,1.0,0.0
n8n-io/n8n,OK,83b8297ea69d26f3,148,148,147,1,1,0,1.0,0.9932432432432432,1.0,0.0
huggingface/transformers,OK,ed55888e6665791f,4652,4652,2726,1926,1926,0,1.0,0.5859845227858985,1.0,0.0
apollographql/apollo-client,OK,c00c267388c04e9a,1097,1097,1054,43,43,0,1.0,0.9608021877848678,1.0,0.0
openbao/openbao,OK,bc76b6ebacb0ac89,32,32,27,5,5,0,1.0,0.84375,1.0,0.0
unit8co/darts,OK,158a9e3e54038656,591,591,563,28,28,0,1.0,0.9526226734348562,1.0,0.0
guidance-ai/guidance,OK,c40172f50afbb828,147,147,143,4,4,0,1.0,0.9727891156462585,1.0,0.0
shap/shap,OK,dca450785b79dc41,612,612,465,147,147,0,1.0,0.7598039215686274,1.0,0.0
rabbitmq/rabbitmq-server,OK,015446b6b30882c4,149,149,98,51,51,0,1.0,0.6577181208053692,1.0,0.0
python-telegram-bot/python-telegram-bot,OK,3f4af5f531020f9f,148,148,142,6,6,0,1.0,0.9594594594594594,1.0,0.0
rapid7/metasploit-framework,OK,7dec6e5dd944a45b,80,80,51,29,29,0,1.0,0.6375,1.0,0.0
gristlabs/grist-core,OK,30af5cbeb566936b,69,69,65,4,4,0,1.0,0.9420289855072463,1.0,0.0
scikit-image/scikit-image,OK,c27bbdb8753faa2b,113,113,111,2,2,0,1.0,0.9823008849557522,1.0,0.0
supercollider/supercollider,OK,44aaf66e55c07c2b,33,33,32,1,1,0,1.0,0.9696969696969697,1.0,0.0
playframework/playframework,OK,ebb1d4bc0b17e9aa,75,75,72,3,3,0,1.0,0.96,1.0,0.0
godotengine/godot-docs,OK,d91b88bfd0fc3c52,99,99,98,1,1,0,1.0,0.98989898989899,1.0,0.0
github/codeql,OK,d76ad9878497cb62,674,674,666,8,8,0,1.0,0.9881305637982196,1.0,0.0
prettier/prettier,OK,a3ae55008d0ed4f5,100,100,93,7,7,0,1.0,0.93,1.0,0.0
