repo,path_hash,raw_owner_declared_author,decl_owner_declared_author,raw_owner_active_after,decl_owner_active_after,raw_owner_active_before,decl_owner_active_before,raw_owner_prior_commits,decl_owner_prior_commits,file_future_commits
11ty/buildawesome,551ccacb05148dbb,1,0,0,1,1,1,2,381,18
11ty/buildawesome,8688d5d98526e783,1,0,0,1,1,1,2,381,3
AUTOMATIC1111/stable-diffusion-webui,c766c825471943c0,1,0,1,1,1,1,114,1383,58
AUTOMATIC1111/stable-diffusion-webui,b4b7969eb6a34dc0,1,0,1,1,1,1,114,1383,0
AUTOMATIC1111/stable-diffusion-webui,479163685bafaa4c,1,0,1,1,1,1,114,1383,15
AUTOMATIC1111/stable-diffusion-webui,18be4c015525ceca,1,0,1,1,1,1,114,1383,0
AUTOMATIC1111/stable-diffusion-webui,b67641cf8802a9b9,1,0,1,1,1,1,114,1383,0
AUTOMATIC1111/stable-diffusion-webui,57519d79eb8fca0c,1,0,1,0,1,1,114,164,2
AUTOMATIC1111/stable-diffusion-webui,6b040102aa8f0e3a,1,0,1,1,1,1,114,1383,3
AUTOMATIC1111/stable-diffusion-webui,362e762d8b52142b,1,0,1,0,1,1,114,164,6
AUTOMATIC1111/stable-diffusion-webui,af5cef44524d25c0,1,0,1,0,1,1,114,10,0
AUTOMATIC1111/stable-diffusion-webui,856997acd716f8f4,1,0,1,1,1,1,114,1383,10
AUTOMATIC1111/stable-diffusion-webui,c888caf5f8628b5c,1,0,1,0,1,1,114,164,1
AUTOMATIC1111/stable-diffusion-webui,fe2129c140fc5cff,1,0,1,1,1,1,114,1383,17
AUTOMATIC1111/stable-diffusion-webui,c47505ac02dfa18a,1,0,1,1,1,1,114,1383,2
ApeWorX/web3.py,e17a663b5836b351,1,0,1,0,1,0,15,0,0
ApeWorX/web3.py,712a93a627719286,1,0,1,0,1,0,15,0,0
ApeWorX/web3.py,6a53e6eb2925b640,1,0,1,0,1,0,15,0,2
ApeWorX/web3.py,e3c2230996dc3235,1,0,1,0,1,0,15,0,0
App-vNext/Polly,f7a87e5f3ed56df3,1,0,1,0,1,0,132,0,0
App-vNext/Polly,b8e768c153dcf620,1,0,1,0,1,0,132,0,0
App-vNext/Polly,9422d30782d2158e,1,0,1,0,1,0,132,0,0
App-vNext/Polly,72f7c1e0b53584d5,1,0,1,0,1,0,132,0,0
App-vNext/Polly,115e4e3429026d4f,1,0,1,0,1,0,132,0,0
App-vNext/Polly,f8f916bc545bceab,1,0,1,0,1,0,132,0,1
App-vNext/Polly,c1e00622515f7361,1,0,1,0,1,0,132,0,0
App-vNext/Polly,e57efc988457d8c6,1,0,1,0,1,0,132,0,0
App-vNext/Polly,db30af566d240eda,1,0,1,0,1,0,132,0,0
App-vNext/Polly,9256c5ba03a2f5c5,1,0,1,0,1,0,132,0,0
App-vNext/Polly,721d71ce0e02156f,1,0,1,0,1,0,132,0,0
App-vNext/Polly,8b48007d2b76ba23,1,0,1,0,1,0,132,0,0
App-vNext/Polly,6daf7b39fc2e43d9,1,0,1,0,1,0,132,0,0
App-vNext/Polly,263996be0e1bbf78,1,0,1,0,1,0,132,0,0
App-vNext/Polly,1c0636e0e908401c,1,0,1,0,1,0,132,0,0
App-vNext/Polly,c5e70439f5ad4103,1,0,1,0,1,0,132,0,0
App-vNext/Polly,238da6ac5b9b43cb,1,0,1,0,1,0,132,0,0
App-vNext/Polly,e0c5d4edc0620cb8,1,0,1,0,1,0,132,0,1
App-vNext/Polly,5b43490c1b25fbe0,1,0,1,0,1,0,132,0,0
App-vNext/Polly,a5ce338196a97b33,1,0,1,0,1,0,132,0,0
App-vNext/Polly,965a2478fd5a5c4c,1,0,1,0,1,0,132,0,0
App-vNext/Polly,9541fca6aa729161,1,0,1,0,1,0,132,0,0
App-vNext/Polly,29b552d25bec9e86,1,0,1,0,1,0,132,0,0
Automattic/wp-calypso,54bc7c8a033a666e,0,0,0,0,0,0,0,0,0
Automattic/wp-calypso,27edac05763aaf2d,1,0,0,0,1,0,1,0,3
Bash-it/bash-it,6b2ab8485dfaf08c,1,0,1,0,0,0,0,0,1
Bash-it/bash-it,0d1dec743886c365,1,0,1,0,0,0,0,0,1
Bash-it/bash-it,7d986ebee2f7dd34,1,0,1,0,0,0,0,0,1
Bash-it/bash-it,681fcd671c896da6,1,0,1,0,0,0,0,0,1
Bash-it/bash-it,d008e1016f48d534,1,0,1,0,0,0,0,0,0
Bash-it/bash-it,c467d2646a9e9291,1,0,1,0,0,0,0,0,7
Bash-it/bash-it,45cf7931241a7076,1,0,1,0,0,0,0,0,1
Bash-it/bash-it,aa57f91a88a2f8fb,1,0,1,0,0,0,0,0,3
Bash-it/bash-it,6cb3ad4eae580b96,1,0,1,0,0,0,0,0,0
Bash-it/bash-it,574885fda076ff0d,1,0,1,0,0,0,0,0,0
Bash-it/bash-it,8a67bcf43c4af736,1,0,1,0,0,0,0,0,3
Bash-it/bash-it,520120faf56a45b9,1,0,1,0,0,0,0,0,1
Bash-it/bash-it,ad8fb803829661a5,1,0,1,0,0,0,0,0,0
Bogdanp/dramatiq,556812789bdf8b0b,1,0,0,0,1,0,10,0,0
CapSoftware/Cap,893c18cd7187fefc,1,0,1,1,1,1,30,313,2
CapSoftware/Cap,d967dff5f10b46c2,1,0,1,1,1,1,30,537,3
CapSoftware/Cap,ff32ba325c82cae8,1,0,1,1,1,1,30,313,0
CapSoftware/Cap,ea6d5f717d931a3b,1,0,1,1,1,1,30,666,0
CapSoftware/Cap,724d2594a9e20f02,1,0,1,1,1,1,30,666,4
CapSoftware/Cap,6b332508b01d1e71,1,0,1,1,1,1,30,537,4
CapSoftware/Cap,6d626d888c708a2a,1,0,1,1,1,1,30,313,2
CapSoftware/Cap,765854f9dc47ebef,1,0,1,1,1,1,30,537,6
CapSoftware/Cap,22435a8477953f1f,1,0,1,1,1,1,30,666,1
CapSoftware/Cap,541fe668e66aaed0,1,0,1,1,1,1,30,313,0
CapSoftware/Cap,dccfc81fdb27238e,1,0,1,1,1,1,30,537,2
CapSoftware/Cap,2fd04c9eee812264,1,0,1,1,1,1,30,313,10
CapSoftware/Cap,0b4a43b1d4c73ffe,1,0,1,1,1,1,30,666,0
CapSoftware/Cap,fea2be52e98f762e,1,0,1,1,1,1,30,313,75
CapSoftware/Cap,fa65c1b1d37c723e,1,0,1,1,1,1,30,313,4
CapSoftware/Cap,e9ab90508a21d970,1,0,1,1,1,1,30,313,2
CapSoftware/Cap,35cf12cd6bcb7335,1,0,1,1,1,1,30,313,3
CapSoftware/Cap,9133ecc551ac8b30,1,0,1,1,1,1,30,313,6
CapSoftware/Cap,7d6df41f07d56e59,1,0,1,1,1,1,30,666,12
CapSoftware/Cap,889b1cf99094a6af,1,0,1,1,1,1,30,666,3
CapSoftware/Cap,158e561ec4d7aedc,1,0,1,1,1,1,30,537,1
CapSoftware/Cap,76d8203b834fd173,1,0,1,1,1,1,30,537,0
CesiumGS/cesium,91b3deb5a48a199e,1,0,0,0,0,0,0,0,1
CesiumGS/cesium,db1c21174c82de67,1,0,0,0,0,0,0,0,1
CesiumGS/cesium,f8c6beab71707eea,1,0,0,0,0,0,0,0,1
CesiumGS/cesium,8cdd36055c094468,1,0,0,0,0,0,0,0,1
CesiumGS/cesium,4e8fabdca714f7a0,1,0,0,0,0,0,0,0,2
CesiumGS/cesium,d44aaac4fce72d93,1,0,0,0,0,0,0,0,1
CesiumGS/cesium,28c127f92b8de251,1,0,0,0,0,0,0,0,2
CesiumGS/cesium,23536c7a97c25791,1,0,0,1,0,1,0,4,1
CesiumGS/cesium,f0916647bdbf49a8,1,0,0,1,0,1,0,4,1
CesiumGS/cesium,52c14d792e117b64,1,1,0,1,0,1,0,67,3
CesiumGS/cesium,8674ed868f955c8e,1,0,0,0,0,0,0,0,2
CesiumGS/cesium,5547e6614f6762b5,1,0,0,0,0,0,0,0,1
CesiumGS/cesium,669bd5e7a3591a15,1,0,0,0,0,0,0,0,1
CesiumGS/cesium,eebc83dd8e4275d9,1,0,0,1,0,1,0,4,2
CesiumGS/cesium,668acf258684a9de,1,0,0,0,0,0,0,0,1
CesiumGS/cesium,4c4b4ae3e4f1d19a,1,0,0,0,0,0,0,0,4
CesiumGS/cesium,d2be1fc3fad7f3cb,1,0,0,0,0,0,0,0,1
CesiumGS/cesium,8f080aefe3203bfc,1,0,0,0,0,0,0,0,3
CherryHQ/cherry-studio,66092f83b2db7aa1,1,0,1,1,1,1,262,160,1
CherryHQ/cherry-studio,0947e2727d6bad8c,1,0,1,1,1,1,262,1326,0
CherryHQ/cherry-studio,d4c08290def8b2b6,1,0,1,1,1,1,262,97,2
CherryHQ/cherry-studio,fe834803d8e0192a,1,0,1,1,1,1,262,97,2
CherryHQ/cherry-studio,de1a05372575c0ca,1,0,1,1,1,1,262,97,2
CherryHQ/cherry-studio,397f8d868b632cac,1,0,1,1,1,1,262,160,1
CherryHQ/cherry-studio,186d30fad0a6fdb4,1,0,1,1,1,1,262,160,5
CherryHQ/cherry-studio,8a7b43178dd0f7d1,1,0,1,1,1,1,262,97,1
CherryHQ/cherry-studio,284621e02c5f1058,1,0,1,1,1,1,262,160,8
CherryHQ/cherry-studio,7f97b92a258e4cf6,1,0,1,0,1,1,262,1,3
DefinitelyTyped/DefinitelyTyped,d896efab4b2d4a0a,1,0,1,0,1,0,5,0,1
DefinitelyTyped/DefinitelyTyped,d25e5c03156939f4,1,0,1,0,1,0,5,0,0
DefinitelyTyped/DefinitelyTyped,ab1f39ecf76f3eeb,1,0,1,0,1,0,5,0,0
DefinitelyTyped/DefinitelyTyped,4ec099d146dd5c68,1,0,1,0,1,0,5,0,0
DefinitelyTyped/DefinitelyTyped,142f2c7641bf348d,1,0,1,0,1,0,5,0,1
DefinitelyTyped/DefinitelyTyped,79c47e9587f69c84,1,0,1,0,1,0,5,0,0
EFForg/rayhunter,e58dc9b1d824ea03,1,0,1,0,1,1,93,46,0
EFForg/rayhunter,da4ee170bb582567,0,0,1,1,1,1,129,101,2
EFForg/rayhunter,d1c2185f122d71ad,1,0,1,1,1,1,93,101,5
EFForg/rayhunter,d3a256e7abf16a03,0,0,1,1,1,1,101,101,3
Eventual-Inc/Daft,956238c0debae224,0,0,1,1,1,1,148,15,26
Eventual-Inc/Daft,a9aabf6f5219378d,0,0,0,0,0,1,0,21,1
FEX-Emu/FEX,fbce60fd56a0db41,1,1,1,1,1,1,94,203,0
FEX-Emu/FEX,eb5ffc0fe220986d,1,0,1,0,1,1,203,210,0
FEX-Emu/FEX,f15391421618a5b8,1,0,1,1,1,1,94,729,9
FEX-Emu/FEX,710638e1a4668870,1,0,1,1,1,1,94,729,3
FEX-Emu/FEX,012b1f0695cd675a,1,1,1,1,1,1,94,203,4
FEX-Emu/FEX,92ec2a2356c8981e,1,0,1,1,1,1,94,729,11
FEX-Emu/FEX,0beb8e61203fac97,1,1,1,1,1,1,94,203,0
FEX-Emu/FEX,ec03eb36af6d6b1d,1,0,1,1,1,1,94,729,2
Giskard-AI/giskard-oss,5c3832b31ed620d3,1,0,0,0,0,0,0,0,1
Giskard-AI/giskard-oss,06e9639bceca9d33,1,0,0,0,0,0,0,0,1
GoogleCloudPlatform/generative-ai,d99b71de134ba9b5,1,0,1,1,1,1,80,9,1
GoogleCloudPlatform/generative-ai,3892c888417e70d0,1,0,1,0,1,1,209,1,0
GoogleCloudPlatform/generative-ai,43eebf69297805dd,1,0,1,1,1,1,209,16,9
GoogleCloudPlatform/generative-ai,72599c9dc26becfd,1,0,1,0,1,0,209,0,1
GoogleCloudPlatform/generative-ai,a575bd1ccd029bdd,1,0,1,1,1,1,209,16,8
GoogleCloudPlatform/generative-ai,3506094c22b700ea,1,0,1,0,1,0,53,0,2
GothenburgBitFactory/taskwarrior,7a23fc60dc9681f1,1,0,0,0,0,0,0,0,0
GothenburgBitFactory/taskwarrior,fac8ecc4bba9989a,1,0,0,0,0,0,0,0,1
GothenburgBitFactory/taskwarrior,ab7d24e77a103a4f,1,0,0,0,0,0,0,0,1
GothenburgBitFactory/taskwarrior,e2268cac2f2e4b20,1,0,0,0,0,0,0,0,0
JuliaLang/julia,9dbae2301ca8a2ca,1,1,1,1,1,1,1,46,0
JuliaLang/julia,96d89ecd4aa4f0de,1,0,1,1,1,1,1,1,0
KevinMusgrave/pytorch-metric-learning,5d989e21c3c386c3,1,1,0,1,0,1,0,38,0
KevinMusgrave/pytorch-metric-learning,cd3e6816353473fe,1,1,0,1,0,1,0,38,0
KevinMusgrave/pytorch-metric-learning,728f1acfab272056,1,1,0,1,0,1,0,38,2
KevinMusgrave/pytorch-metric-learning,99d6225cd62e25ad,1,1,1,1,1,1,38,38,0
KevinMusgrave/pytorch-metric-learning,8b55e2d5dca1572a,1,1,0,1,0,1,0,38,0
KevinMusgrave/pytorch-metric-learning,6f64f0cf12e585aa,1,1,0,1,0,1,0,38,0
KevinMusgrave/pytorch-metric-learning,1ea736fb8c611fd1,1,1,0,1,0,1,0,38,0
KevinMusgrave/pytorch-metric-learning,994ff60fcd52e387,1,1,0,1,0,1,0,38,4
KevinMusgrave/pytorch-metric-learning,d715a76311764872,1,1,0,1,0,1,0,38,0
KevinMusgrave/pytorch-metric-learning,d8dba078afa6c8de,1,1,0,1,0,1,0,38,0
KevinMusgrave/pytorch-metric-learning,6babfe8a436bcbd3,1,1,0,1,0,1,0,38,0
KevinMusgrave/pytorch-metric-learning,73e9388e547d8b1b,1,1,0,1,0,1,0,38,0
KevinMusgrave/pytorch-metric-learning,612b34248ed74090,1,1,0,1,0,1,0,38,0
KevinMusgrave/pytorch-metric-learning,a3dfd3c8d3ed8553,1,1,0,1,0,1,0,38,0
KevinMusgrave/pytorch-metric-learning,5e7d3a8822bb2a08,1,1,0,1,0,1,0,38,0
KevinMusgrave/pytorch-metric-learning,aabbd22daa656e62,1,1,0,1,0,1,0,38,0
KevinMusgrave/pytorch-metric-learning,605d2ada8ff8d2bd,1,1,0,1,0,1,0,38,0
KevinMusgrave/pytorch-metric-learning,f767bb9cc2e93981,1,1,0,1,0,1,0,38,0
KevinMusgrave/pytorch-metric-learning,deaf4c36790d0eda,1,1,0,1,0,1,0,38,0
KevinMusgrave/pytorch-metric-learning,4bcc306d56dd4a9a,1,1,0,1,0,1,0,38,0
KevinMusgrave/pytorch-metric-learning,e28517a26e5810db,1,1,0,1,0,1,0,38,0
KevinMusgrave/pytorch-metric-learning,cd91b268b25b33de,1,1,0,1,0,1,0,38,0
KevinMusgrave/pytorch-metric-learning,8233944398b76b33,1,1,0,1,0,1,0,38,0
KevinMusgrave/pytorch-metric-learning,5b0324e6ac02d980,1,1,0,1,0,1,0,38,0
Kong/insomnia,51b7b9b982390d2c,1,0,1,1,1,1,92,86,12
Kong/insomnia,edf0f4edd7840780,1,0,1,1,1,1,92,56,1
Kong/insomnia,9386921d178d9176,1,0,1,1,1,1,92,56,0
Kong/insomnia,d4c82733241e2d43,1,0,1,1,1,1,92,59,7
Kong/insomnia,5f106697db278d3e,0,0,1,1,1,1,37,86,16
MaartenGr/BERTopic,205e60e9e382162f,1,0,1,0,1,0,4,0,0
MaartenGr/BERTopic,2d838a2ff86098d5,0,0,0,0,0,0,0,0,0
MaartenGr/BERTopic,e44819035573f656,1,0,0,0,0,0,0,0,0
MetaMask/metamask-extension,14ee4b9985d2411e,0,0,1,0,1,1,32,67,1
MetaMask/metamask-extension,06a2985a6de38219,1,0,0,0,0,0,0,0,1
MetaMask/metamask-extension,bedcc1d805a08769,1,0,1,0,1,0,5,0,2
MetaMask/metamask-extension,eb6a1d65c2d07993,1,0,1,1,1,1,5,82,0
MetaMask/metamask-extension,0138e933a536f11c,1,0,0,0,0,1,0,67,0
MetaMask/metamask-extension,daaf5780701f3227,1,0,1,1,1,1,5,82,0
MetaMask/metamask-extension,c04432b9aecd562b,1,0,1,0,1,1,5,67,0
MetaMask/metamask-extension,53dc11ec8cf17046,0,0,1,1,1,1,82,82,2
NVIDIA/DALI,e8afe5b7203ae327,1,1,1,0,1,0,104,0,0
NVIDIA/DALI,4b4d1eeeab440219,1,1,1,1,1,1,8,39,4
NVIDIA/cuml,a3c4ce41fd0f7452,1,0,1,0,1,0,71,0,3
NVIDIA/cuml,ab2964d73f6bb95b,1,0,1,1,1,1,71,31,0
NVIDIA/cuml,dba2e9a2ecf2d255,1,0,1,0,1,0,71,0,2
NixOS/nix,61323ff4b80ee1ef,1,0,1,0,1,0,11,0,0
NixOS/nix,c472f3ce56be1ff5,1,0,1,0,1,0,11,0,1
OSGeo/gdal,d68bd6991354cb57,1,0,0,1,0,0,0,0,0
OSGeo/gdal,700a55e48a6bfbc2,1,0,0,0,0,0,0,0,0
OSGeo/gdal,ff0f62a71285cb1b,1,0,0,0,0,0,0,0,1
OSGeo/gdal,4da695116eabe84c,1,0,0,0,0,0,0,0,1
OctoPrint/OctoPrint,013fead770456fd7,1,0,1,0,1,0,319,0,5
OctoPrint/OctoPrint,d281561e62bcb9ef,1,0,1,0,1,0,319,0,0
OctoPrint/OctoPrint,53560a0a15c6ed88,1,0,1,0,1,0,319,0,0
OctoPrint/OctoPrint,6961cb7b19878e95,1,0,1,0,1,0,319,0,0
OctoPrint/OctoPrint,ce10635e2832d0f2,1,0,1,0,1,0,319,0,0
OpenMW/openmw,b7ef3d5582b051bf,1,0,1,1,1,1,95,65,0
OpenMW/openmw,9d910c585838cbf4,1,0,0,0,0,0,0,0,1
OpenMW/openmw,a313ca6e8b9f4ca1,1,0,0,1,0,1,0,109,0
OpenRCT2/OpenRCT2,a000109f3a113922,1,0,1,0,1,0,380,0,3
OpenRCT2/OpenRCT2,7f37ad3d0db709a4,1,0,1,1,1,1,380,12,3
OpenRCT2/OpenRCT2,63c94e6af369d25d,1,0,1,1,1,1,380,243,1
OpenRCT2/OpenRCT2,5c58b4a2d06c6e8f,1,0,1,0,1,0,380,0,3
OpenRCT2/OpenRCT2,42a509814d7563ef,1,0,1,0,1,0,380,0,3
OpenRCT2/OpenRCT2,ede2eadcbfad6840,1,0,1,0,1,0,380,0,3
OpenRCT2/OpenRCT2,e3008b88df067f59,1,0,1,1,1,1,380,62,3
OpenRCT2/OpenRCT2,5f127f3a57789dfe,1,0,1,0,1,0,380,0,10
OpenRCT2/OpenRCT2,2fc56d4db0db89f7,1,0,1,0,1,0,380,0,6
OpenRCT2/OpenRCT2,7f0b621797c59cef,1,0,1,1,1,1,380,12,6
OpenRCT2/OpenRCT2,546b2e39fb9581d2,1,0,1,0,1,0,380,0,5
OpenRCT2/OpenRCT2,bad689f6224055ae,1,0,1,0,1,0,380,0,8
OpenRCT2/OpenRCT2,409710e79c8f2502,1,0,1,0,1,0,380,0,5
OpenRCT2/OpenRCT2,c0ad9b0f1a5389df,1,0,1,0,1,0,380,0,4
OpenRCT2/OpenRCT2,b17a789c36ec9b6d,1,0,1,1,1,1,380,12,3
OpenRCT2/OpenRCT2,9f218459938b0d5e,1,0,1,1,1,1,380,12,3
OpenRCT2/OpenRCT2,64f99defadb150f4,1,0,1,0,1,0,380,0,5
OpenRCT2/OpenRCT2,ce99d95a5f9e3514,1,0,1,1,1,1,380,12,3
OpenVPN/openvpn,2ad9e6c6a4d80f2b,1,0,0,0,0,0,0,0,20
OpenVPN/openvpn,c352dbfea84a922b,1,0,0,0,0,0,0,0,3
OpenVPN/openvpn,ea3208608bfbe328,1,0,0,0,0,0,0,0,1
OpenVPN/openvpn,6f5b55b01f998652,1,0,0,0,0,0,0,0,10
OpenVPN/openvpn,8e9aab7e4456a80f,1,0,0,0,0,0,0,0,0
OpenVPN/openvpn,edbe602e41988188,1,0,0,0,0,0,0,0,4
OpenVPN/openvpn,556b192ed9b4ff6a,1,0,0,0,0,0,0,0,5
OpenVPN/openvpn,d73abdd16ec910cc,1,0,0,0,0,0,0,0,3
OrchardCMS/OrchardCore,c33e36203a8d5f3f,1,1,1,1,1,1,208,25,0
OrchardCMS/OrchardCore,bd7c4a13909112c9,1,0,1,1,1,1,208,36,0
OrchardCMS/OrchardCore,2b117eef8b0614bd,1,1,1,1,1,1,208,25,0
OrchardCMS/OrchardCore,55ee6ff2de197704,1,0,1,1,1,1,208,36,0
OrchardCMS/OrchardCore,9c63f72319db660d,1,0,1,0,1,0,208,0,0
OrchardCMS/OrchardCore,60c2b5d3045c2914,1,0,1,0,1,0,208,0,1
OrchardCMS/OrchardCore,b27be4c994a4a59e,1,1,1,1,1,1,208,208,0
OrchardCMS/OrchardCore,4eeebeab4a815431,1,0,1,0,1,0,208,0,1
OrchardCMS/OrchardCore,1f33743f74532ecf,1,1,1,1,1,1,208,109,0
OrchardCMS/OrchardCore,5e0a20362a26b49f,1,0,1,0,1,0,208,0,0
OrchardCMS/OrchardCore,d6bdcbb9200837d8,1,0,1,0,1,0,208,0,0
OrchardCMS/OrchardCore,7666c52f91bb9aae,1,1,1,1,1,1,208,25,1
OrchardCMS/OrchardCore,f68ec1d73876514d,1,1,1,1,1,1,208,25,0
OrchardCMS/OrchardCore,be45fc9678fb37c7,1,0,1,0,1,0,208,0,0
OrchardCMS/OrchardCore,8031a7f1b54561e7,1,1,1,1,1,1,208,25,0
OrchardCMS/OrchardCore,dad7790f21c8177b,1,1,1,1,1,1,208,25,1
OrchardCMS/OrchardCore,2aac235ce042eef7,1,0,1,0,1,0,208,0,0
OrchardCMS/OrchardCore,e86cf83b4a0f3f2c,1,0,1,1,1,1,208,3,0
OrchardCMS/OrchardCore,4cc66687ba043ad9,1,0,1,0,1,0,208,0,1
OrchardCMS/OrchardCore,00f6a4b371b6e5dd,1,0,1,0,1,0,208,0,4
OrchardCMS/OrchardCore,5551c2109da8db47,1,0,1,0,1,0,208,0,0
OrchardCMS/OrchardCore,11c35e01e598a157,1,1,1,1,1,1,208,25,0
OrchardCMS/OrchardCore,eecfcef31e45e7f0,1,0,1,0,1,0,208,0,1
PHP-CS-Fixer/PHP-CS-Fixer,3f7974c782c5740d,1,1,1,1,1,1,284,56,1
Portkey-AI/gateway,a9f79fe1e1b32da6,1,0,1,1,1,1,295,85,0
Portkey-AI/gateway,8ce6ac87970247f8,1,1,1,1,1,1,295,295,0
Portkey-AI/gateway,7a3e6bc7b3e54db6,1,0,1,0,1,0,295,0,0
Portkey-AI/gateway,b12b95877e563659,1,0,1,1,1,0,295,0,2
Portkey-AI/gateway,446a6e28a8a16493,1,0,1,1,1,0,295,0,0
PostgresApp/PostgresApp,481bde0618b40a67,1,0,1,0,1,0,111,0,1
PrismLauncher/PrismLauncher,229d2ae6926a324e,1,0,0,0,0,0,0,0,4
PrismLauncher/PrismLauncher,c284300aedc56b8a,1,1,1,0,1,0,3,0,3
PrismLauncher/PrismLauncher,cdc80996b8f8340e,1,1,1,0,1,0,3,0,4
PrismLauncher/PrismLauncher,c77d67d3e14014e8,1,0,1,0,1,0,3,0,0
PyGithub/PyGithub,d2a1ed30d8ad4680,1,0,0,0,0,0,0,0,0
RSS-Bridge/rss-bridge,8533eb7fb7327ba9,1,0,1,0,1,0,61,0,4
RSS-Bridge/rss-bridge,6b5d35944b6517de,1,0,1,1,1,1,61,1,1
RSS-Bridge/rss-bridge,b66d2a5a5fab0be5,1,0,1,0,1,0,61,0,1
RSS-Bridge/rss-bridge,ab78e31a050fec61,1,0,1,0,1,0,61,0,1
RSS-Bridge/rss-bridge,81eea2eb353c79c0,1,0,1,0,1,0,61,0,1
RSS-Bridge/rss-bridge,3f6b63cdcd3da1fc,1,0,1,0,1,0,61,0,0
RSS-Bridge/rss-bridge,dd4909f1a9fe228d,1,0,1,0,1,0,61,0,0
RSS-Bridge/rss-bridge,9c0fc4e0311603cd,1,0,1,0,1,0,61,0,1
RSS-Bridge/rss-bridge,3bd40c69c199cb51,1,0,1,0,1,0,61,0,1
RSS-Bridge/rss-bridge,aa79031c94bcc932,1,0,1,0,1,0,61,0,0
RSS-Bridge/rss-bridge,a48481eaea295fbb,1,0,1,0,1,1,61,1,0
RSS-Bridge/rss-bridge,dd0652f9775b07c4,1,0,1,0,1,1,61,11,0
RSS-Bridge/rss-bridge,e7a1eb667b350c72,1,0,1,0,1,0,61,0,0
RSS-Bridge/rss-bridge,9e3ec65c1d6f5b00,1,0,1,0,1,0,61,0,2
RSS-Bridge/rss-bridge,22f86e463b9e66a6,1,0,1,0,1,0,61,0,1
RSS-Bridge/rss-bridge,0ba015b13d9884c0,1,0,1,0,1,0,61,0,1
RSS-Bridge/rss-bridge,5bf48b0d565b51db,1,0,1,0,1,0,61,0,3
RSS-Bridge/rss-bridge,dc4e678170e1acc0,1,0,1,0,1,0,61,0,0
RSS-Bridge/rss-bridge,639834ca90b38475,1,0,1,1,1,1,61,4,1
RSS-Bridge/rss-bridge,b7557e9b4fb74182,1,0,1,0,1,0,61,0,1
RSS-Bridge/rss-bridge,dc9ab4889d83a836,1,0,1,0,1,0,61,0,2
Redot-Engine/redot-engine,3a958ea4573c75b1,1,1,1,0,1,1,137,9,2
Redot-Engine/redot-engine,5d964a06a1c9a478,1,1,1,0,1,1,137,9,1
Redot-Engine/redot-engine,629deb7a2de79da7,0,1,1,0,1,1,18,9,1
Redot-Engine/redot-engine,c774a788c66d21f8,1,1,1,0,1,1,137,9,1
Redot-Engine/redot-engine,8da85ab9bf3d8728,1,0,1,1,1,1,137,18,1
Redot-Engine/redot-engine,3b696d7192fdc37a,1,0,1,0,1,0,137,0,1
RfidResearchGroup/proxmark3,d8be097c83d7f740,1,1,1,1,1,1,352,352,8
SWE-agent/SWE-agent,0c76c033dbce3470,0,0,1,0,1,0,95,0,0
SixLabors/ImageSharp,52018ba0bb0140c1,1,0,1,0,1,0,139,0,0
SixLabors/ImageSharp,6203c7fd48fa16a2,1,0,1,0,1,0,139,0,3
SixLabors/ImageSharp,ac825fb42e881451,1,0,1,1,1,1,139,2,1
SixLabors/ImageSharp,f403812bb79a3bf2,1,0,1,0,1,0,139,0,0
SixLabors/ImageSharp,83f87798971ecdc9,1,0,1,1,1,1,139,17,2
SixLabors/ImageSharp,e33e392cbccec62d,1,0,1,0,1,0,139,0,0
SixLabors/ImageSharp,5a872a9b75480b80,1,0,1,0,1,1,139,4,0
SixLabors/ImageSharp,3b9d12f638278b4f,1,0,1,1,1,1,139,17,7
SixLabors/ImageSharp,2723eb6bfd1c29dd,1,0,1,0,1,0,139,0,0
SixLabors/ImageSharp,8797ac1d044ef785,1,0,1,0,1,0,139,0,0
SixLabors/ImageSharp,c7b13b961597f666,1,1,1,1,1,1,139,139,0
SixLabors/ImageSharp,6d57bc5695e6e6c0,1,0,1,1,1,1,139,2,7
SixLabors/ImageSharp,73a9e4dc57aa4f24,1,0,1,0,1,0,139,0,0
SixLabors/ImageSharp,49d9ec12cc9b8c47,1,0,1,0,1,0,139,0,0
SixLabors/ImageSharp,67fa00cf330fe600,1,0,1,1,1,1,139,17,0
SixLabors/ImageSharp,0d099d077ae6ba40,1,0,1,0,1,0,139,0,0
Stirling-Tools/Stirling-PDF,bc37d034bad56458,1,1,0,1,1,1,3,277,44
Stirling-Tools/Stirling-PDF,33fbd7a182c49672,1,1,0,1,1,1,3,277,3
TeamAmaze/AmazeFileManager,fc90b6871d033a6e,1,0,1,1,1,1,1,16,1
TypeStrong/ts-node,52e08b51338deec6,1,0,1,0,1,0,130,0,0
TypeStrong/ts-node,c9776f7d577f6dbd,1,0,1,1,1,0,130,0,0
TypeStrong/ts-node,86e8be00ccc042a7,1,0,1,1,1,0,130,0,0
TypeStrong/ts-node,373b582a48e51e03,1,0,1,0,1,0,130,0,0
TypeStrong/ts-node,4ad139623689e76c,1,0,1,0,1,0,130,0,0
TypeStrong/ts-node,487642663920a426,1,0,1,1,1,0,130,0,0
TypeStrong/ts-node,a82b5ba5707ad341,1,0,1,1,1,0,130,0,0
TypeStrong/ts-node,978a514ade24ecf3,1,0,1,0,1,0,130,0,0
WebAssembly/binaryen,dcf51787792d17b3,0,0,0,0,0,0,0,0,0
WebAssembly/binaryen,591dd1af9b5a0dfb,1,0,1,0,1,0,322,0,10
WebAssembly/binaryen,e1f361a2d97280e8,0,0,0,0,0,0,0,0,34
WebAssembly/binaryen,c5ef9dac18a703eb,1,0,1,0,1,0,322,0,5
WordPress/gutenberg,e20e5e2f8deb5e07,1,0,1,0,1,0,54,0,1
WordPress/gutenberg,afb8008e093529b2,1,0,0,1,0,1,0,21,1
XRPLF/rippled,e5b41bfe30b26934,1,0,0,0,0,0,0,0,13
YOURLS/YOURLS,2267db06e46b8e02,1,0,0,1,0,1,0,5,0
YOURLS/YOURLS,744a768781da3904,1,0,0,0,0,0,0,0,1
YOURLS/YOURLS,fd5f4b76c7790f32,1,0,0,0,0,0,0,0,0
YOURLS/YOURLS,37b5a4bf6eceb350,1,0,0,0,0,0,0,0,0
YOURLS/YOURLS,44406e5b5ec7c25e,1,0,0,0,0,0,0,0,0
YOURLS/YOURLS,8ebd9cb2c0d77559,1,0,0,0,0,0,0,0,0
YOURLS/YOURLS,3023437263390c8e,1,0,0,0,0,0,0,0,0
YOURLS/YOURLS,84edc87661699e51,1,0,0,0,0,0,0,0,0
ZoneMinder/zoneminder,1fa114fd37754ac3,0,0,1,0,1,0,568,0,0
ZoneMinder/zoneminder,1e7de1ae2d059d21,1,0,0,0,0,0,0,0,27
ZoneMinder/zoneminder,148715d6ea0c0ea0,1,0,0,1,0,1,0,568,21
ZoneMinder/zoneminder,c49cf629bd096210,0,0,0,0,0,0,0,0,2
ZoneMinder/zoneminder,12a294110595b397,0,0,0,0,0,0,0,0,2
alicevision/Meshroom,0e5ff4f5f203b1c3,1,1,1,1,1,1,86,116,8
alicevision/Meshroom,297ebdd03e879077,1,1,1,1,1,1,339,86,26
alshedivat/al-folio,bec7bacbae3b5b45,1,0,1,0,1,0,3,0,0
alshedivat/al-folio,b7d5c9c3ac96103e,1,0,1,0,1,1,3,8,0
alshedivat/al-folio,3fa96db64d99b493,1,1,1,1,1,1,3,76,1
angr/angr,e302fd74e5ed45fb,0,0,0,1,0,1,0,1,2
angular/angular,e87711f373c0966a,1,0,1,1,1,1,181,165,0
angular/angular,ce77da6bfcb325f1,1,0,1,1,1,1,181,165,7
angular/angular,54db8245bdae2fd9,0,0,1,0,1,0,8,0,1
angular/angular,32a982019a295e3b,1,0,1,0,1,0,181,0,0
angular/angular,76e6a88b0a64daaf,0,0,0,0,0,0,0,0,0
angular/angular,45b05a0040c8233a,1,1,1,1,1,1,181,98,1
angular/angular,0cd859d1db710af8,1,0,1,1,1,1,181,91,0
angular/angular,c08fc93448d2dd6d,1,0,1,1,1,1,181,8,0
ankidroid/Anki-Android,8e8833e1e91c338f,1,1,1,1,1,1,514,94,43
ankidroid/Anki-Android,9ea5124c067b4ead,1,1,1,0,1,0,514,0,4
ankidroid/Anki-Android,defadb4b9f86633b,1,0,1,0,1,0,514,0,3
ankidroid/Anki-Android,1a73a0373f20bd5a,1,1,0,0,1,0,3,0,2
ankidroid/Anki-Android,8c5c9fecb5373470,1,1,1,0,1,0,514,0,5
ankidroid/Anki-Android,de536bc155d9142d,1,0,1,0,1,0,514,0,4
ankidroid/Anki-Android,5e2d57527f05101f,0,1,0,0,0,0,0,0,3
antiwork/shortest,cdd97ea54a8c9ef3,1,0,0,0,1,1,65,12,0
antiwork/shortest,e21f4a9d221d7b15,0,0,0,0,1,1,16,16,0
apache/flink,95b3db93249837e1,1,0,0,1,0,1,0,27,42
apache/flink,2b1a5065b453e3f7,1,0,0,0,0,0,0,0,1
apache/flink,77c6f6adf6749a44,1,0,0,0,0,0,0,0,0
apache/flink,6af698227fe137ca,1,0,0,0,0,0,0,0,0
apache/flink,fe5c7ef75ec59091,1,0,0,0,0,0,0,0,0
apache/flink,351c2685481140b3,1,0,0,0,0,0,0,0,0
apache/flink,b5c654cc78fd1d96,1,0,0,0,0,0,0,0,0
apache/flink,cf1400b345c43ee6,1,0,0,0,0,0,0,0,0
apache/flink,3c1bb68f37b29672,1,0,0,1,0,1,0,27,0
apache/flink,1f6d0a5ebe5b9944,1,0,1,1,1,1,7,7,0
apache/flink,95cb55d991862d53,1,0,0,0,0,0,0,0,0
apache/flink,4ff58481d6d9278b,1,0,0,0,0,0,0,0,0
apache/flink,d00d39f443f3afda,1,0,0,1,0,1,0,27,0
apache/maven,b398f1e02fcebedc,1,0,1,1,1,1,238,181,0
apollographql/apollo-client,b35e52652fde9356,1,0,1,0,1,0,279,0,0
apollographql/apollo-client,97793a779c7ba0aa,1,0,1,0,1,0,279,0,0
apollographql/apollo-client,221ec56332617dc2,1,0,1,1,1,1,148,5,5
apple/foundationdb,a91bf1c99b37159e,1,0,0,0,0,0,0,0,2
apple/foundationdb,92887d8d27b43f81,0,0,1,0,1,0,110,0,10
apple/foundationdb,7f49b69d241d000d,1,0,0,0,0,0,0,0,0
apple/foundationdb,0ed16ce05449a96d,1,0,0,0,0,0,0,0,1
apple/foundationdb,7365043137e1dc00,1,0,0,0,0,0,0,0,4
apple/swift-nio,56dc109a2272bd2f,1,0,1,1,1,1,16,66,1
asdf-vm/asdf,afdab73a1be7d04c,1,0,0,0,0,0,0,0,0
asdf-vm/asdf,bdb4b7b60ff14436,1,1,0,0,0,0,0,0,0
asdf-vm/asdf,e54fd940da76a719,0,0,0,0,0,0,0,0,0
asdf-vm/asdf,ffa327aeb34d25a9,0,0,0,0,0,0,0,0,0
asdf-vm/asdf,814b7479e1f38b69,1,0,0,0,0,0,0,0,0
aseprite/aseprite,ef674f25a41f6f71,1,0,1,0,1,1,320,2,0
aseprite/aseprite,3610dbe1c95d1d94,1,0,1,0,1,1,320,1,2
aseprite/aseprite,ab8bf4eed6213580,1,0,1,0,1,0,320,0,1
aseprite/aseprite,40ac6aea77158c1f,1,0,1,0,1,1,320,1,0
aseprite/aseprite,4faf7644c0943c8e,1,0,1,0,1,1,320,1,0
aseprite/aseprite,17f9a78c7f684851,1,0,1,0,1,1,320,1,0
aseprite/aseprite,48bad28ac666751c,1,0,1,0,1,1,320,1,0
aseprite/aseprite,ecec927bbbeb8d02,1,0,1,0,1,1,320,1,4
astropy/astropy,d0823a6c6aeab338,1,0,1,1,1,0,1,0,5
astropy/astropy,2fd4e6a12118bc4b,0,0,0,0,1,0,1,0,2
astropy/astropy,c0450b28b8368b89,1,0,1,0,1,0,1,0,4
astropy/astropy,96a278ad1b18a526,1,0,1,1,1,0,1,0,5
awsdocs/aws-doc-sdk-examples,b986f0110e1db869,1,0,0,0,1,0,22,0,0
awsdocs/aws-doc-sdk-examples,efdb32638a3cb14e,1,0,0,1,1,1,22,48,1
awsdocs/aws-doc-sdk-examples,c3347e1b6703051d,1,0,0,0,1,0,22,0,0
awsdocs/aws-doc-sdk-examples,8a84898ab3091059,1,0,0,0,1,0,22,0,0
awsdocs/aws-doc-sdk-examples,28bcdedbe8ac430e,1,0,1,0,1,0,25,0,0
awsdocs/aws-doc-sdk-examples,5cbb52ba87d65ddf,1,0,1,0,1,0,25,0,0
awsdocs/aws-doc-sdk-examples,24d7b190d3dc1abc,1,0,0,0,1,0,22,0,0
awsdocs/aws-doc-sdk-examples,a7841262f3b9d017,1,0,1,0,1,0,25,0,0
babel/babel,f7a647772cf84aec,0,1,1,0,1,0,146,0,2
babel/babel,fb5bf124110e3b7b,0,1,1,0,1,0,80,0,8
beetbox/beets,ebe8521e81c4a33a,1,1,1,0,1,0,316,0,0
beetbox/beets,a8388496f1f95ddb,1,0,1,0,0,0,0,0,3
beetbox/beets,aaf7fd3123979de9,1,1,1,0,1,0,316,0,1
beetbox/beets,bc42b38887a42448,1,1,1,0,1,0,316,0,84
beetbox/beets,b82c85c69cbfbda3,1,1,1,0,1,0,316,0,0
beetbox/beets,6a720e215089a109,1,1,1,0,1,0,316,0,5
beetbox/beets,79343d662e965646,1,1,1,0,1,0,316,0,3
beetbox/beets,c4f70feda64fe455,1,1,1,0,1,0,316,0,4
beetbox/beets,1b27ba7ec0ca34d7,1,0,1,0,1,0,316,0,1
beeware/toga,15d20b57f9e00933,1,0,1,0,1,0,77,0,0
binwiederhier/ntfy,152b20edb8871a15,1,0,0,0,0,0,0,0,1
binwiederhier/ntfy,26ffc91511e8891f,1,0,0,0,0,0,0,0,0
binwiederhier/ntfy,575fbbc42f3d8987,1,0,0,0,0,0,0,0,1
binwiederhier/ntfy,123bf3568b38095f,1,1,1,0,1,0,7,0,1
binwiederhier/ntfy,69cd588041586b05,1,0,0,0,0,0,0,0,13
binwiederhier/ntfy,39440a033eab93e9,1,0,0,0,0,0,0,0,2
binwiederhier/ntfy,7c87ce4a687ab406,1,0,0,0,0,0,0,0,8
binwiederhier/ntfy,95cd838856049062,1,0,0,0,0,0,0,0,1
binwiederhier/ntfy,f0a41cd709e70729,1,0,0,0,0,0,0,0,3
binwiederhier/ntfy,a87fb722257dd48f,1,0,0,0,0,0,0,0,12
binwiederhier/ntfy,9fa05db58f5f43a1,1,0,0,0,0,0,0,0,0
binwiederhier/ntfy,d304a6eaf33d74a6,1,0,0,0,0,0,0,0,0
binwiederhier/ntfy,f611a90f8a8d1d8d,1,0,0,0,0,0,0,0,6
binwiederhier/ntfy,1939c8dcd4a80d06,1,0,0,0,0,0,0,0,7
binwiederhier/ntfy,2542bb632e455f79,1,0,0,0,0,0,0,0,6
binwiederhier/ntfy,a7a15e45d2521858,1,0,0,0,0,0,0,0,4
binwiederhier/ntfy,86417f5d827d01cc,1,0,0,0,0,0,0,0,12
binwiederhier/ntfy,88181c63d3275c3f,1,0,0,0,0,0,0,0,0
binwiederhier/ntfy,be863061ae6506eb,1,0,0,0,0,0,0,0,2
biomejs/biome,6b760002444be06d,1,0,0,0,0,0,0,0,0
bitsandbytes-foundation/bitsandbytes,e0aa2b260ab4cbc4,1,0,1,1,1,0,94,0,14
bitsandbytes-foundation/bitsandbytes,4e9f141c2db9b714,1,0,0,1,0,0,0,0,1
bitsandbytes-foundation/bitsandbytes,759ccdeb969ab61d,1,0,0,1,0,0,0,0,1
bitsandbytes-foundation/bitsandbytes,0bba49c1e13e1ca3,1,0,1,1,1,0,94,0,6
bitsandbytes-foundation/bitsandbytes,fcfd8630837522e8,1,0,1,1,1,0,94,0,7
bitsandbytes-foundation/bitsandbytes,7cdc90c3071b2346,1,0,1,1,1,0,94,0,13
bitsandbytes-foundation/bitsandbytes,06572a96a58dc510,1,0,1,1,1,0,35,0,0
bitsandbytes-foundation/bitsandbytes,c1eafd7cae63c415,1,0,0,1,0,0,0,0,2
bitsandbytes-foundation/bitsandbytes,5d3da1562745a0f5,1,0,1,0,1,0,94,0,1
bitsandbytes-foundation/bitsandbytes,5e3704db1a5b9902,1,0,1,1,1,0,94,0,7
bitsandbytes-foundation/bitsandbytes,9074da5564543dc1,1,0,0,0,0,0,0,0,2
bitwarden/clients,fd21b3bf705efa98,1,0,0,0,0,0,0,0,8
bitwarden/clients,3d20753d6cf1c3ad,1,0,0,0,0,0,0,0,0
bitwarden/clients,d443d807a8d31158,1,0,0,0,0,0,0,0,4
bitwarden/clients,eb5420fd925b2191,1,0,0,0,0,0,0,0,0
bitwarden/clients,f2ac0e1ec9ea15f6,1,0,0,0,0,0,0,0,1
bitwarden/clients,0c885a22726e165e,1,0,0,0,0,0,0,0,0
bitwarden/clients,cd92ae2bb6529ba6,1,0,0,1,0,1,0,8,12
bitwarden/server,9fba5fde33565bfd,1,0,1,1,1,1,47,4,0
bitwarden/server,ab20c325d7540fca,1,0,1,0,1,0,47,0,3
bitwarden/server,14bb9a0ceee03db1,1,0,1,0,1,0,47,0,0
bitwarden/server,7c03520c9e67212f,1,0,1,1,1,1,47,6,0
bitwarden/server,2e2a57bda4887d81,1,0,1,0,1,0,47,0,2
bitwarden/server,3c397eaefa18d766,1,0,1,0,1,0,47,0,0
bitwarden/server,9db7d33ecb105776,1,0,1,1,1,1,47,17,1
bitwarden/server,efddc519d09291aa,1,0,1,0,1,0,47,0,0
bitwarden/server,65c00d5ce4f30752,1,0,1,0,1,0,47,0,0
bitwarden/server,1b053dd03911069b,1,0,1,0,1,0,47,0,0
bitwarden/server,b724cf6ab8c08c42,1,0,1,0,1,0,47,0,1
bitwarden/server,af1ccfbe29b77a0d,1,0,1,0,1,0,47,0,1
bitwarden/server,3a43a68789ec7c3b,1,0,1,0,1,0,47,0,0
bitwarden/server,906c13665fed3f3e,1,0,1,0,1,0,47,0,0
bitwarden/server,501659f1e85f1284,1,0,1,0,1,0,47,0,0
bitwarden/server,e3690cea274094e5,1,0,1,0,1,0,47,0,0
bitwarden/server,3abd69ff31b13c3f,1,0,1,0,1,0,47,0,0
bitwarden/server,1b67e66477d37f8c,1,0,1,0,1,0,47,0,1
bitwarden/server,4aad07ea251efcf7,1,0,1,1,1,1,47,4,0
bitwarden/server,84437f59df625960,1,0,1,0,1,0,47,0,0
blender/blender,c21915ca125d8417,1,0,0,0,0,0,0,0,0
blender/blender,6e3a5fb0d9ebba3b,1,0,0,0,0,0,0,0,0
blender/blender,711370ca85a5a6d8,1,0,1,1,1,1,1543,86,2
blender/blender,aed2bb42d2f76787,1,0,0,0,0,0,0,0,0
blender/blender,c87f98dcf1bf41a1,1,0,0,0,0,0,0,0,6
blender/blender,29a2a14daebc1cc4,1,0,0,0,0,0,0,0,8
blender/blender,088b1f1db1d8c9ee,1,0,1,0,1,0,1543,0,0
blender/blender,26cb2a6f53ece30a,1,0,0,0,0,0,0,0,0
blender/blender,d562d74d7a163ea3,1,0,0,0,0,0,0,0,4
borgbackup/borg,0071495c2f67ea25,1,0,1,0,1,0,404,0,3
borgbackup/borg,104bcbb5da2afcc7,1,0,1,0,1,1,404,3,2
borgbackup/borg,eacc264570f3a432,1,0,1,0,1,0,404,0,5
borgbackup/borg,8dc41137b4e630c1,1,1,1,1,1,1,404,404,0
boto/boto3,f49023d262ec9393,1,0,1,1,1,1,14,5,0
brndnmtthws/conky,acc7477ca31c5c46,1,1,0,0,0,0,0,0,4
brndnmtthws/conky,304823b2632d35af,1,0,0,0,0,0,0,0,2
brndnmtthws/conky,310f8f12765ceae0,1,0,0,0,0,0,0,0,1
brndnmtthws/conky,23904b1b1125f280,1,0,0,0,0,0,0,0,3
brndnmtthws/conky,8e71e55ae9b7b667,1,0,0,0,0,0,0,0,2
brndnmtthws/conky,6a5467e110abc733,1,0,0,0,0,0,0,0,4
brndnmtthws/conky,a1496f9c5b869e8b,1,1,0,0,0,1,0,22,1
cakephp/cakephp,703cda67ba8a32a0,1,0,1,1,1,1,117,117,2
cakephp/cakephp,e21f5457d94760d8,1,0,0,1,0,1,0,191,2
cakephp/cakephp,04aa710f4f3dd36d,1,0,0,1,0,1,0,117,2
cakephp/cakephp,c454faa4da0490d9,1,0,0,1,0,1,0,117,2
cakephp/cakephp,3daf27c5efc6d127,1,0,0,0,0,0,0,0,10
cakephp/cakephp,8eb0758f3c04010c,1,0,0,1,0,1,0,117,0
cakephp/cakephp,95fd053c216445d7,1,0,0,1,0,1,0,117,11
cakephp/cakephp,b24fba393b9e95ea,1,1,0,1,0,1,0,107,7
cakephp/cakephp,4ff630f03654e9a7,1,0,0,1,0,1,0,191,1
clash-verge-rev/clash-verge-rev,f571fecfeef08b9d,1,0,0,1,1,1,26,306,12
clash-verge-rev/clash-verge-rev,402654cd2b09d57f,1,0,0,1,1,1,26,306,3
cloud-custodian/cloud-custodian,6232db25f88c80a8,1,0,0,0,0,0,0,0,1
cloud-custodian/cloud-custodian,b918e9d9d0d0b283,1,0,0,0,0,0,0,0,0
cloud-custodian/cloud-custodian,e4a9b3d7b55422f1,1,0,0,0,0,0,0,0,0
cloud-custodian/cloud-custodian,3866c2df15af7d0d,1,0,1,1,0,0,0,0,1
cloudflare/workerd,eddce7c65df92c56,0,0,1,1,1,1,94,94,0
cloudflare/workerd,df55da49169425e1,0,0,1,1,1,1,7,106,1
cloudflare/workerd,2bbf3b4622769fd4,1,0,1,1,1,1,100,238,1
coder/coder,21547f5c52e7988d,1,0,1,1,1,1,126,229,1
coder/coder,ad53065e6cd73949,1,0,1,0,1,1,126,10,20
coder/coder,0cbcfff19a447921,1,0,1,1,1,1,126,118,175
coder/coder,0160497bcb23c508,1,0,1,1,1,1,126,58,0
coder/coder,dcd4a67582932eb6,1,0,1,1,1,1,126,17,3
coder/coder,464010bbd2099dca,1,0,1,1,1,1,126,229,2
coder/coder,c9daf8fdb8b44096,1,0,1,1,1,1,126,229,2
coder/coder,dc0b4ea671553af0,1,0,1,1,1,1,126,56,1
coder/coder,fde955b0a3b2bf55,1,0,1,0,1,0,126,0,10
coder/coder,75b761cdf918b118,1,0,1,1,1,1,126,17,1
coder/coder,e2389327797ce5a1,1,0,1,1,1,1,126,229,3
coder/coder,4d7a474699fe55ca,1,0,1,1,1,1,126,229,1
coder/coder,ecc9a18306c03b2b,1,0,1,1,1,1,126,229,7
compiler-explorer/compiler-explorer,2c93d6d713eea58e,1,0,1,0,1,0,192,0,1
compiler-explorer/compiler-explorer,822eaf41d8b178c5,1,0,1,0,1,0,192,0,0
compiler-explorer/compiler-explorer,4849121d3eb5d2ba,1,0,1,1,1,1,192,114,1
compiler-explorer/compiler-explorer,6cb6764c65a7ba73,1,0,1,0,1,0,192,0,0
conda/conda,a2eadd27d982ad4f,0,0,1,0,1,0,61,0,4
conda/conda,d880228e954d9907,1,0,1,0,1,0,101,0,7
conda/conda,f3ec8b15d55b5298,1,0,1,0,1,0,101,0,4
conda/conda,4a150dfb0efad45b,1,0,1,0,1,0,101,0,20
curl/curl,aaef6e94b186fba5,0,0,0,1,0,1,0,966,3
curl/curl,07985fdcade0e64d,1,0,0,1,0,1,0,966,0
dahlbyk/posh-git,50d51a233d8ff488,1,0,0,0,1,0,31,0,0
dahlbyk/posh-git,99ad54c471cf84c8,1,0,0,0,1,0,31,0,0
dahlbyk/posh-git,db13baa403675e8b,1,0,0,0,1,0,31,0,0
dahlbyk/posh-git,902c242df5674a32,1,0,0,0,1,0,31,0,0
dahlbyk/posh-git,99708d40557a138c,1,0,0,0,1,0,31,0,0
dahlbyk/posh-git,af3cd6b1ad1a760a,1,0,0,0,1,0,31,0,0
dahlbyk/posh-git,399775fd0c824430,1,0,0,0,1,0,31,0,0
dahlbyk/posh-git,e5aa817955e06f89,1,0,0,0,1,0,31,0,0
dahlbyk/posh-git,54cde84efc67f5b6,1,0,0,0,1,0,31,0,0
dahlbyk/posh-git,c81cf0251793f319,1,0,0,0,1,0,31,0,0
dahlbyk/posh-git,618cd5b83d62060b,1,1,0,0,1,1,31,31,0
dahlbyk/posh-git,ba785c1aa48679cf,1,1,0,0,1,1,31,31,0
dahlbyk/posh-git,18065b96b2a2f3d5,1,0,0,0,1,0,31,0,0
dahlbyk/posh-git,f63c40fa61af4c47,1,0,0,0,1,0,31,0,0
dahlbyk/posh-git,b9a7e286f66ddb81,1,0,0,0,1,0,31,0,0
dahlbyk/posh-git,20d53b930a01fd2e,1,0,0,0,1,0,31,0,0
dask/dask,fee11b514bc43bbb,1,1,1,1,0,1,0,19,2
dask/dask,ce961485dc8b8afa,1,0,0,0,1,0,15,0,7
dask/dask,df68bfa1a5c4aa32,1,0,0,1,1,0,15,0,1
dendronhq/dendron,4a5a96972d7346d1,1,1,1,1,1,1,33,33,0
dendronhq/dendron,bd63ed05d1fab8a0,1,1,1,0,1,0,33,0,0
dendronhq/dendron,fd5f6dcf41167cb4,1,1,1,0,1,0,33,0,0
dependabot/dependabot-core,3040e3ac729c838f,1,0,1,0,1,0,42,0,5
dicedb/dicedb,50a5aed161e31641,1,0,0,0,1,0,34,0,0
dicedb/dicedb,18680f57f5d32607,1,0,0,0,1,0,34,0,4
dicedb/dicedb,03758477a5762fb3,1,0,0,0,1,0,34,0,0
discordjs/discord.js,e891fcc25dc8387d,0,0,0,0,0,0,0,0,0
discourse/discourse,bb8bcb6ef2e13ab9,1,1,1,0,1,0,405,0,38
discourse/discourse,e6d401afd991ec57,1,0,1,0,1,0,405,0,1
discourse/discourse,c0e99d259d5c489f,1,0,1,1,1,1,405,19,1
discourse/discourse,3dc4c2555482f40d,1,1,1,1,1,1,405,284,1
discourse/discourse,66f33be1e8a8c4f5,1,1,1,0,1,0,405,0,0
django-oscar/django-oscar,61e45c52d7e99374,1,0,0,0,0,0,0,0,0
django-oscar/django-oscar,7c8fe9353b33012e,1,0,1,0,0,0,0,0,0
django-oscar/django-oscar,f32c8fbf149e7c61,1,0,0,0,0,0,0,0,0
django-oscar/django-oscar,d274d6f80d73cad7,1,0,0,0,0,0,0,0,0
django-oscar/django-oscar,3fca2de86505087b,1,0,0,0,0,0,0,0,0
django-oscar/django-oscar,31ec93d0ed507a17,1,0,0,0,0,0,0,0,0
django-oscar/django-oscar,b713699bdaecd527,1,0,0,0,0,0,0,0,0
django-oscar/django-oscar,8c9d0b3527570def,1,0,0,1,0,0,0,0,0
django/django,17736133d55782dd,1,0,0,0,1,0,1,0,0
django/django,8f1c1cdd4a5130dc,1,0,0,0,1,0,1,0,0
django/django,332aa89eb6d3de27,1,1,1,1,1,1,82,82,1
django/django,9c51de80dd3e7297,1,0,0,0,1,0,1,0,0
django/django,1c8b882c73bfda66,1,0,0,0,1,0,1,0,14
django/django,12f716b50d0deef0,1,0,0,0,1,0,1,0,0
django/django,f7c2236a46d670db,1,0,0,0,1,0,1,0,0
django/django,440165a3f81b752a,1,0,0,0,1,0,1,0,1
django/django,ad3486daf49a0018,1,1,0,1,1,1,1,28,2
dlt-hub/dlt,0dfd619e92a23b19,0,0,0,0,1,1,3,6,8
dlt-hub/dlt,fed93630768aa39d,1,0,1,1,1,1,117,101,2
dolphin-emu/dolphin,67e40ffbde4b39d3,1,0,0,0,0,0,0,0,1
dolphin-emu/dolphin,92d15f3e471520da,1,0,0,1,0,0,0,0,0
dolphin-emu/dolphin,9d9a1db1211feb84,1,0,0,0,0,0,0,0,1
dolphin-emu/dolphin,a73943499cfdb8f9,1,0,0,0,0,0,0,0,1
dolphin-emu/dolphin,9f932d2166b549f9,1,1,0,0,0,1,0,3,0
dolphin-emu/dolphin,a10bdfcf5f2fb1c7,1,0,0,0,0,0,0,0,0
dolphin-emu/dolphin,f9855adccf400c69,1,0,0,0,0,0,0,0,0
dolphin-emu/dolphin,ba8eb1a658fbab74,1,0,0,0,0,0,0,0,1
dolphin-emu/dolphin,e22f0e741db7b7e7,1,1,0,0,0,0,0,0,1
dolphin-emu/dolphin,44940decd453c245,1,0,0,0,0,0,0,0,0
dolphin-emu/dolphin,9e9e3131fec1705a,1,1,0,0,0,0,0,0,4
dolphin-emu/dolphin,395b6e66c724b47e,0,0,0,0,1,0,4,0,1
dolphin-emu/dolphin,a486cc5576510239,1,1,0,0,0,0,0,0,0
domaindrivendev/Swashbuckle.AspNetCore,031e6e1e3670062d,1,0,1,0,1,1,90,2,0
domaindrivendev/Swashbuckle.AspNetCore,72e4cbb9af32aa68,1,0,1,0,1,0,90,0,2
domaindrivendev/Swashbuckle.AspNetCore,576600fc419531c1,1,0,1,0,1,0,90,0,0
domaindrivendev/Swashbuckle.AspNetCore,b075fefd1a773054,1,0,1,0,1,0,90,0,1
domaindrivendev/Swashbuckle.AspNetCore,31d9fac2268445eb,1,0,1,0,1,0,90,0,0
domaindrivendev/Swashbuckle.AspNetCore,c47c566af9a06ab5,1,0,1,0,1,1,90,2,0
domaindrivendev/Swashbuckle.AspNetCore,d32a81c318259391,1,0,1,0,1,1,90,2,0
domaindrivendev/Swashbuckle.AspNetCore,7c65ad7564ae30d5,1,0,1,0,1,1,90,2,0
domaindrivendev/Swashbuckle.AspNetCore,1f878e6f68eaefa9,1,0,1,0,1,0,90,0,1
domaindrivendev/Swashbuckle.AspNetCore,28b1714be68e5517,1,0,1,0,1,0,90,0,1
domaindrivendev/Swashbuckle.AspNetCore,292e0d5b7dee195b,1,0,1,0,1,1,90,2,0
domaindrivendev/Swashbuckle.AspNetCore,c849b501310bd3a1,1,0,1,0,1,0,90,0,0
domaindrivendev/Swashbuckle.AspNetCore,70f99b840c9cfe44,1,0,1,0,1,1,90,2,0
domaindrivendev/Swashbuckle.AspNetCore,b5d3c4326b030411,1,0,1,0,1,0,90,0,1
domaindrivendev/Swashbuckle.AspNetCore,d55b70748aeb55cc,1,1,1,1,1,1,90,90,0
domaindrivendev/Swashbuckle.AspNetCore,dee12bf272e90a5e,1,0,1,0,1,1,90,2,0
dotnet/aspnetcore,432df4562ad99515,1,0,0,0,0,0,0,0,0
dotnet/aspnetcore,3e042086691613a9,1,0,0,0,0,0,0,0,0
dotnet/aspnetcore,0e6f68a16e000ad4,1,0,0,0,0,1,0,7,0
dotnet/aspnetcore,47b0514758670667,1,0,0,0,0,0,0,0,0
dotnet/aspnetcore,1f2d1cb24606d5ad,1,0,0,1,0,1,0,20,0
dotnet/aspnetcore,00895862dbdfb71c,1,0,0,0,0,1,0,7,0
dotnet/aspnetcore,de5df416176b27dd,1,0,0,0,0,0,0,0,0
dotnet/aspnetcore,ccf22ad07d3a8f95,1,0,0,0,0,0,0,0,0
dotnet/aspnetcore,9e08320321a19d83,1,0,0,0,0,0,0,0,0
dotnet/aspnetcore,9c4d9cfb22fa15b0,1,0,0,1,0,1,0,20,0
dotnet/aspnetcore,a8d3e15852046686,1,0,0,0,0,0,0,0,2
dotnet/aspnetcore,515c91aedd73dfb7,1,0,0,1,0,0,0,0,0
dotnet/aspnetcore,ab21004465f0f1a5,1,0,0,1,0,1,0,20,0
dotnet/aspnetcore,f199ccb5d8583a3b,1,0,0,1,0,1,0,29,0
dotnet/aspnetcore,6b38ff4669f0d236,1,0,0,0,0,0,0,0,0
dotnet/aspnetcore,49ad2ca4b9c50f5a,1,0,0,0,0,0,0,0,0
dotnet/aspnetcore,d2f9f88a41ba435b,1,0,0,1,0,1,0,29,0
dotnet/aspnetcore,982a53c36ec4da71,1,0,0,0,0,0,0,0,0
dotnet/aspnetcore,b71719933924efd3,1,0,0,1,0,1,0,12,0
dotnet/aspnetcore,4b0e7dc4ea31ffe8,1,0,0,0,0,0,0,0,0
dotnet/aspnetcore,96713f943e1e99d7,1,0,0,0,0,0,0,0,0
elastic/elasticsearch,171e4959abb243d4,1,0,1,1,1,1,137,6,15
elastic/elasticsearch,e2c5f7cd1734af36,1,0,1,0,1,0,137,0,0
elastic/elasticsearch,054486caa73cba3b,1,0,1,0,1,0,137,0,0
electron/electron,8d9ec0e66f8ec5f0,1,0,0,0,0,0,0,0,2
electron/electron,73003373d7beb99c,1,0,0,0,0,0,0,0,1
electron/electron,a52c29998b42e823,1,0,0,0,0,0,0,0,0
electron/electron,08c5d2116306ca43,1,0,0,1,0,1,0,83,53
electron/forge,badcf24d0ea5bbd2,1,0,1,1,1,1,80,5,3
electron/forge,b57584943435c61a,1,0,1,1,1,0,80,0,5
element-hq/element-web,004a935b2cea0a2c,1,0,0,0,0,0,0,0,2
element-hq/element-web,833fb46e61b76d59,1,0,0,1,0,1,0,17,1
emacs-lsp/lsp-mode,d1b3fa4736384067,1,0,1,0,1,0,30,0,1
emscripten-core/emscripten,822a9a2a182867bb,1,0,0,0,0,0,0,0,3
emscripten-core/emscripten,a4d0f5b7399c8f2c,1,0,1,1,1,1,1102,53,8
emscripten-core/emscripten,faaab610d1a4c3c3,1,0,1,0,1,0,1102,0,9
enso-org/enso,6794524a00f3078d,1,0,1,0,1,0,154,0,0
enso-org/enso,e361a34b687e5061,1,0,1,0,1,0,154,0,2
enso-org/enso,e5f5010605508009,1,0,1,0,1,0,154,0,2
enso-org/enso,2c283d2b06be7aa8,1,0,1,0,1,0,154,0,0
enso-org/enso,4ac6f9933d907f31,1,0,1,0,1,0,154,0,2
enso-org/enso,9865e65b8a3e84bb,1,0,1,0,1,0,154,0,0
enso-org/enso,d91ce350bdabbf85,1,0,1,0,1,0,154,0,0
enso-org/enso,02b46bdb32de2ef1,1,0,1,0,1,0,154,0,0
enso-org/enso,a3213d44b73ec3d3,1,0,1,0,1,0,154,0,0
enso-org/enso,b0d2e77644e7f084,1,0,1,0,1,0,154,0,1
enso-org/enso,bed5cea6575fc66c,1,0,1,0,1,0,154,0,1
eslint/eslint,aa36ca8e9350788e,1,0,1,0,1,0,18,0,1
eslint/eslint,c65c22b7ef5ce793,1,0,1,1,1,1,18,83,2
eslint/eslint,530a0e775cae0897,1,0,1,0,1,1,18,4,3
eslint/eslint,891c5261db14a885,1,0,1,1,1,1,18,42,0
eslint/eslint,03f029ac68b983bb,1,0,1,0,1,0,18,0,0
eslint/eslint,87858d7a80f46ad9,1,0,1,1,1,1,18,30,1
eslint/eslint,896389246cfee182,1,0,1,0,1,0,18,0,1
eslint/eslint,ce08f18518db2ec1,1,0,1,0,1,0,18,0,0
eslint/eslint,1188982e4e58308d,1,0,1,0,1,0,18,0,3
eslint/eslint,4f2405d2c9c9b729,1,0,1,0,1,0,18,0,0
eslint/eslint,6104d0b50aee8c04,1,0,1,0,1,0,18,0,1
eslint/eslint,b2eb02fd98d83dc7,1,0,1,1,1,1,18,42,0
eslint/eslint,d46d32957ba664c4,1,0,1,1,1,1,18,30,2
eslint/eslint,6b7b9be747f02370,1,0,1,0,1,0,18,0,0
eslint/eslint,cf722edaad1fe08a,1,0,1,1,1,1,18,83,0
eslint/eslint,cd7ecfc43bc450d5,1,0,1,0,1,0,18,0,0
eslint/eslint,acc4714549a20b2d,1,0,1,1,1,1,18,42,5
eslint/eslint,ddf8a9d02a30996e,1,0,1,0,1,0,18,0,1
eslint/eslint,37ac5a2d21c2b0f0,1,0,1,0,1,0,18,0,1
eslint/eslint,a445eec27767a3ae,1,0,1,0,1,0,18,0,0
esp8266/Arduino,6898062adbafa9b3,1,0,0,0,0,0,0,0,0
esp8266/Arduino,8ca93df802363841,1,0,0,0,1,0,21,0,0
esp8266/Arduino,1809c07b3cae1636,1,0,0,0,0,0,0,0,0
esp8266/Arduino,b68ef072ef4bcb40,1,0,0,0,0,0,0,0,0
esp8266/Arduino,d5825eaaa3b776b8,1,0,0,0,0,0,0,0,0
esp8266/Arduino,27c310e0cd2a3e9c,1,0,0,0,0,0,0,0,0
esp8266/Arduino,64730e434b971bad,1,0,0,0,1,0,21,0,0
falcosecurity/falco,aee00ce632a29056,1,0,0,0,1,0,1,0,0
falcosecurity/falco,11000c7d1795f9d1,1,0,0,1,1,1,1,118,7
falcosecurity/falco,a9f7eb3f95fba989,1,0,0,0,1,0,1,0,2
falcosecurity/falco,71845ab9ed2f352c,1,0,0,0,1,0,1,0,0
falcosecurity/falco,e8307b5587c155d9,1,0,0,0,1,0,1,0,0
falcosecurity/falco,8774969b3735e645,1,0,0,0,1,0,1,0,0
falcosecurity/falco,1fa114fd37754ac3,1,0,0,0,1,0,1,0,2
falcosecurity/falco,f85ec4e7b7be943e,1,0,0,0,1,0,1,0,7
firecracker-microvm/firecracker,c5851a56a914df59,1,0,1,0,1,0,336,0,0
firecracker-microvm/firecracker,a537539146446b9b,1,0,1,0,1,0,336,0,0
foliojs/pdfkit,a9dea927c112b23c,1,0,1,1,1,0,16,0,0
foliojs/pdfkit,11bea48812d05614,1,0,1,0,1,1,16,8,1
foliojs/pdfkit,5508084f2aa90897,1,0,1,1,1,0,16,0,0
foliojs/pdfkit,111c24be5ed4ceb7,1,0,1,1,1,0,16,0,0
foliojs/pdfkit,62e7e10db26fabc8,1,0,1,1,1,0,16,0,0
foliojs/pdfkit,9a059bdd091b43f7,1,0,1,1,1,0,16,0,0
fonttools/fonttools,98a5b79c97b3564e,1,0,1,1,1,1,33,152,1
fonttools/fonttools,bf9034af8050b677,1,0,1,0,1,0,33,0,0
fonttools/fonttools,743f0d602bf8f516,1,0,1,1,1,0,33,0,14
fonttools/fonttools,a8a51736e1a41daf,1,0,1,1,1,1,33,152,12
fonttools/fonttools,69bd4c9d722e131f,0,0,1,1,1,0,121,0,1
fonttools/fonttools,31a79bc6d1fc30cf,1,0,1,0,1,0,33,0,1
fonttools/fonttools,3fcb97800ce9034d,1,0,1,0,1,0,33,0,0
fonttools/fonttools,fe131101c0bf3162,1,0,1,0,1,0,33,0,1
fonttools/fonttools,72723a6980b43a2f,1,0,1,1,1,1,33,152,1
fonttools/fonttools,24386b741dfc55e8,1,0,1,1,1,0,33,0,0
fonttools/fonttools,bb693f9f2e1ccaaf,1,0,1,1,1,1,33,152,2
frappe/erpnext,37381add523d6eae,1,0,1,0,1,1,46,1,31
frappe/erpnext,500f5c4284d079a5,1,0,1,0,1,0,46,0,14
frappe/erpnext,340f7502267c7fc6,1,0,1,0,1,0,46,0,2
frappe/erpnext,a5f83698c00f4d8d,1,0,1,0,1,0,46,0,0
frappe/erpnext,cb1b2a81d152e984,1,0,1,0,1,0,46,0,26
frappe/erpnext,59f193de64bc753c,1,0,1,0,1,0,46,0,16
frappe/frappe,c15538b25ddc3163,1,0,1,0,1,0,1,0,8
frappe/frappe,dc4329eb05714a25,1,0,1,1,1,1,455,1,2
frappe/frappe,3b2803fdc23f7fda,1,0,1,1,1,1,455,56,7
frappe/frappe,23ed768ef04d3836,1,0,0,1,1,1,24,12,0
frappe/frappe,4370d277012e88ef,0,0,1,1,1,1,12,12,3
frappe/frappe,e2c3bf3dfa8104e1,1,0,0,0,1,0,24,0,1
frappe/hrms,ab4ee2e221ecd35e,1,0,0,0,1,0,52,0,0
frappe/hrms,bfd01acd3a9240e5,1,0,0,0,1,0,52,0,0
frappe/hrms,4653b7f27e762c3b,1,0,0,0,1,0,52,0,0
frappe/hrms,78b2b99879e0a9a5,1,1,0,1,1,1,52,60,0
frappe/hrms,881c172bd384640c,1,0,1,0,1,0,60,0,0
frappe/hrms,e8b099a16b4e2068,1,0,0,0,1,1,52,1,2
frappe/hrms,137b8c18ce7b4a30,1,1,1,1,1,1,2,60,7
frappe/hrms,d205e2dc31389bf5,1,0,0,0,1,0,52,0,1
frappe/hrms,f20f12c912ceaf88,1,1,0,1,1,1,52,60,0
gabime/spdlog,98ca874eda69d656,1,0,1,0,1,0,66,0,3
geopandas/geopandas,88683843e9e78c85,1,0,0,0,0,0,0,0,1
geopandas/geopandas,b72cd7f151b084f7,1,0,0,0,0,0,0,0,1
geopandas/geopandas,df31f90692292117,1,0,1,1,1,1,19,6,9
geopandas/geopandas,c552dff4c953ceaf,1,0,0,0,0,0,0,0,1
geopandas/geopandas,4a5bf9c0c3c07295,1,0,1,1,1,1,28,6,0
getpelican/pelican,8f5e98425799c62c,1,0,1,0,1,0,23,0,1
getpelican/pelican,2957b3bebe4609e9,1,0,1,0,1,0,23,0,1
getpelican/pelican,454dac0bb133e61b,1,0,1,0,1,0,23,0,1
getpelican/pelican,e11226b85416b5fa,1,0,1,0,1,0,23,0,0
getpelican/pelican,3302d2e557d1998b,1,0,1,0,1,0,23,0,1
getpelican/pelican,6f3b2c6a229a1360,1,1,1,1,1,1,23,31,1
getpelican/pelican,86fa3be5ca5c1933,1,0,1,0,0,1,0,1,4
getpelican/pelican,57c7aa2f4bd875bc,1,0,1,0,1,0,23,0,1
getpelican/pelican,b6bbc9980eb19e52,1,0,1,0,1,0,23,0,2
getpelican/pelican,28889c8a5b2a0fa8,1,0,1,0,1,0,23,0,1
getpelican/pelican,e01fe562e048a988,1,0,1,0,1,0,23,0,1
getpelican/pelican,dea8bf99d0f73c41,1,0,1,0,1,0,23,0,0
getpelican/pelican,8d6a54ba35475558,1,0,1,0,1,0,23,0,1
getpelican/pelican,a9b80a9ab060583e,1,0,1,0,1,0,23,0,0
getpelican/pelican,7fb42a8e5a370281,1,0,1,0,1,0,23,0,1
getpelican/pelican,d8a4a1c2ad9e54f6,1,0,1,0,1,0,23,0,1
getsentry/sentry-javascript,fd78f382a5bd25c9,1,0,1,1,1,1,306,217,0
getsentry/sentry-javascript,88765b1214bb4ff1,1,0,1,1,1,1,306,43,0
getsops/sops,db1f911b9c253dbd,0,0,0,0,0,1,0,4,1
gitbucket/gitbucket,1ed539669c5a96ac,1,0,1,1,1,1,5,49,0
gitbucket/gitbucket,88d78c4156b4c051,0,0,1,1,1,1,49,49,0
gitbucket/gitbucket,59cceaf9e8774ca3,1,0,1,0,1,0,5,0,1
godotengine/godot,3a958ea4573c75b1,1,1,1,1,1,1,135,7,1
godotengine/godot,5d964a06a1c9a478,1,1,1,1,1,1,135,7,0
godotengine/godot,629deb7a2de79da7,0,1,1,1,1,1,19,7,5
godotengine/godot,c774a788c66d21f8,1,1,1,1,1,1,135,7,3
godotengine/godot,8da85ab9bf3d8728,1,0,1,1,1,1,135,19,0
godotengine/godot,3b696d7192fdc37a,1,0,1,0,1,0,135,0,0
google/flax,e95705c55fc12d56,0,0,1,0,1,0,8,0,0
google/gson,61d928a555cf301a,1,0,0,0,0,0,0,0,0
google/gson,9d2febf6f73322a2,1,0,0,1,0,1,0,24,0
google/gson,708a2da9dcc36250,1,0,0,0,0,0,0,0,0
google/gson,84ace34a709924a2,1,0,0,0,0,0,0,0,2
google/perfetto,8e95bf2dc53a3bad,1,1,1,1,1,1,520,520,5
graphql-dotnet/graphql-dotnet,b70bbfe6e5f687f0,1,0,1,0,1,0,42,0,0
graphql-dotnet/graphql-dotnet,d5ae94dbf3d24d78,1,0,1,0,1,0,42,0,3
graphql-dotnet/graphql-dotnet,50ffe11fcab896fe,1,0,1,0,1,0,42,0,0
graphql-dotnet/graphql-dotnet,f9c93c2bd1211ac3,1,0,1,0,1,0,42,0,1
graphql-dotnet/graphql-dotnet,1d0937dddc94e83d,1,0,1,0,1,0,42,0,0
graphql-dotnet/graphql-dotnet,9619e1998936bdb0,1,0,1,0,1,0,42,0,0
graphql-dotnet/graphql-dotnet,caef258855bf2d2e,1,0,1,0,1,0,42,0,1
graphql-dotnet/graphql-dotnet,708782c8cc4e53b7,1,0,1,0,1,0,42,0,0
graphql-dotnet/graphql-dotnet,81db976999675041,1,0,1,0,1,0,42,0,1
graphql-dotnet/graphql-dotnet,34274530830e6345,1,0,1,0,1,0,42,0,0
graphql-dotnet/graphql-dotnet,75a203f298e09d15,1,0,1,0,1,0,42,0,0
graphql-dotnet/graphql-dotnet,765962b0b600080f,1,0,1,0,1,0,42,0,1
graphql-dotnet/graphql-dotnet,83c7574a017894b1,1,0,1,0,1,0,42,0,1
graphql-dotnet/graphql-dotnet,d396aa589768074e,1,0,1,0,1,0,42,0,1
growthbook/growthbook,2851a2386d1cfa8c,1,0,1,1,1,1,108,100,4
growthbook/growthbook,32ba8a009407e30a,1,0,1,0,1,0,108,0,3
grpc-ecosystem/grpc-gateway,272b2870183bbe20,1,0,1,0,1,0,22,0,1
grpc-ecosystem/grpc-gateway,ab29419944ad9f3b,1,0,1,0,1,0,22,0,0
grpc-ecosystem/grpc-gateway,050dd68add910843,1,0,1,0,1,0,22,0,1
grpc-ecosystem/grpc-gateway,ed0d8910d38fbb31,1,0,1,0,1,0,22,0,0
grpc-ecosystem/grpc-gateway,897f299135d10a90,1,0,1,0,1,0,22,0,1
grpc-ecosystem/grpc-gateway,83f42520181de088,1,0,1,0,1,0,22,0,0
grpc-ecosystem/grpc-gateway,005d0d82a8c98d3c,1,0,1,0,1,0,22,0,0
grpc-ecosystem/grpc-gateway,a1fc3d96d9306f6b,1,0,1,0,1,0,22,0,0
grpc-ecosystem/grpc-gateway,90690598e966411e,1,0,1,0,1,0,22,0,0
grpc-ecosystem/grpc-gateway,3b6a4e6677a00dca,1,0,1,0,1,0,22,0,0
grpc-ecosystem/grpc-gateway,70304970d74748a4,1,0,1,0,1,0,22,0,0
grpc/grpc,3652cff923fa8450,1,0,1,1,1,1,40,118,7
grpc/grpc,ec57ea9730a16dd7,1,0,1,0,1,0,40,0,1
grpc/grpc,49b2bb915b7cf3ac,0,0,0,0,0,0,0,0,0
grpc/grpc,0782ae94db9f2c81,1,0,1,0,1,1,40,112,0
grpc/grpc,9106f1666206dbe6,1,0,1,0,1,1,40,19,0
guidance-ai/guidance,cabfc03a2a5a74e9,1,0,0,0,1,0,43,0,10
halide/Halide,92dcaa84b704af2e,0,0,0,0,0,0,0,0,0
halide/Halide,9c8eb81304c664bf,1,1,1,0,1,0,51,0,0
highlight/highlight,2beeaab93c6627b4,1,0,0,0,0,0,0,0,0
highlight/highlight,5122585964fd3a15,1,0,0,0,0,0,0,0,0
highlight/highlight,f01b554373a5f8bb,1,0,0,0,0,0,0,0,0
highlight/highlight,8aa4a9b73608aca6,1,0,0,0,0,0,0,0,0
highlight/highlight,eecdc2a4252718a5,1,0,0,0,0,0,0,0,0
highlight/highlight,1cd50b00a3b5caf4,1,0,0,0,0,0,0,0,0
highlight/highlight,9438ad1150658db8,1,0,0,0,0,0,0,0,0
highlight/highlight,997bb33549f08f76,1,0,0,0,0,0,0,0,0
highlight/highlight,aefaa27d14803e2c,1,0,0,0,0,0,0,0,0
highlight/highlight,f6c498f5fc89c7c4,1,0,0,0,0,0,0,0,0
highlight/highlight,364d7fae061a7f01,1,0,0,0,0,0,0,0,0
highlight/highlight,4f462ca465b1fa72,1,0,0,0,0,0,0,0,0
highlight/highlight,242a4d4f69e2eb41,1,0,0,1,0,1,0,4,0
highlight/highlight,0f98a5de15ef5c84,1,0,0,0,0,0,0,0,0
highlight/highlight,a5de3e5871ffcc38,0,0,0,0,1,0,1,0,0
highlight/highlight,074c1ccd04eb2840,1,0,0,0,0,0,0,0,0
highlight/highlight,e4d9bd258485c1e4,1,0,0,0,0,0,0,0,0
highlight/highlight,643668d62376e3d0,1,0,0,0,0,0,0,0,0
highlight/highlight,b464af19da258ff2,1,0,0,1,0,1,0,94,0
highlight/highlight,8bb9cc7ecdf422f7,1,0,0,0,0,0,0,0,0
highlightjs/highlight.js,c5c04fd753ae0717,1,0,1,0,1,0,14,0,0
highlightjs/highlight.js,362e7ec37434a862,1,0,1,0,1,0,14,0,0
highlightjs/highlight.js,ec770ac812eb90b1,1,0,1,0,1,0,14,0,0
highlightjs/highlight.js,cf47a2ba968cc07a,1,0,1,0,1,0,14,0,0
home-assistant/core,42d51cc415986841,1,0,1,1,1,1,1394,931,0
home-assistant/core,ec6823f114b099e7,0,0,0,0,0,0,0,0,5
home-assistant/core,5bfe829be849eb05,1,0,1,0,1,1,1394,1,3
hylang/hy,a628be4d38d66544,1,0,0,0,0,0,0,0,0
hylang/hy,b5b4b7f565aca650,1,0,0,0,0,0,0,0,0
hylang/hy,e95d5d64e8c0b04b,1,0,0,0,0,0,0,0,0
immutable-js/immutable-js,4031c70c2de3e723,1,1,1,1,1,1,101,101,4
instantdb/instant,cbe0852c1158b74b,1,0,1,1,1,1,475,387,0
instantdb/instant,95a128784d2b1d58,1,0,1,1,1,1,475,387,4
instructure/canvas-lms,321aa3e6095dacc6,1,0,1,0,1,0,636,0,1
instructure/canvas-lms,85986f71377bcd92,1,0,1,1,1,1,636,35,1
invoke-ai/InvokeAI,c762367ed20532d2,1,1,0,1,0,0,0,0,0
janestreet/magic-trace,256c7f813e969b7f,1,0,0,0,1,0,16,0,5
janestreet/magic-trace,e8e82f497a0dcfe3,1,0,0,0,1,0,16,0,1
janestreet/magic-trace,65b9ea6b03beea2b,1,0,0,0,1,0,16,0,0
janestreet/magic-trace,0f8ddec814c35ed6,1,0,0,0,1,0,16,0,1
janestreet/magic-trace,cb19ab604d7b8da9,1,0,0,0,1,0,16,0,1
janestreet/magic-trace,055f8e32ad9d695a,1,0,0,0,1,0,16,0,1
javaparser/javaparser,c1468d638edd83a5,1,0,1,0,1,0,11,0,7
javaparser/javaparser,02ec9ba998d8b7f6,1,0,1,1,1,1,11,54,3
jd-opensource/nutui,6f53ccc3244c9734,1,0,0,0,1,0,335,0,0
jd-opensource/nutui,84aa353e5988e122,1,1,0,0,1,1,335,335,0
jemalloc/jemalloc,90683b77bc7d1883,0,0,0,0,1,0,25,0,4
jenkinsci/docker,e6ffa5dc854b843b,1,0,0,1,1,1,3,9,36
jenkinsci/jenkins,ea57993d5d195f4e,1,0,0,0,1,0,9,0,0
jenkinsci/jenkins,56a48a26d0f38d1b,1,0,0,0,1,0,9,0,0
jenkinsci/jenkins,0c7b416ca4efdf7e,1,0,0,0,1,0,9,0,0
jenkinsci/jenkins,8d2f15354fefc746,1,0,0,0,1,0,9,0,0
jenkinsci/jenkins,9f9e46758d9ca2cc,1,0,0,0,1,0,9,0,0
jenkinsci/jenkins,9157540e5110d2de,1,0,0,0,1,0,9,0,0
jenkinsci/jenkins,06c8023517e1a06a,1,0,0,0,1,0,9,0,0
jenkinsci/jenkins,7d5ad6ad0f4273c3,1,0,0,1,1,1,9,7,0
jenkinsci/jenkins,f07d6c20b147a0b1,1,0,0,0,1,0,9,0,0
jenkinsci/jenkins,4458fc573725952e,1,0,0,0,1,0,9,0,0
jenkinsci/jenkins,21ff133062164a55,1,0,0,0,1,0,9,0,0
jenkinsci/jenkins,d148503d8afb307f,1,0,0,0,1,0,9,0,0
joomla/joomla-cms,c63047b04bcd2bef,1,0,1,0,1,1,18,1,0
joomla/joomla-cms,d805240c5e4818a1,1,0,1,0,1,0,18,0,0
joomla/joomla-cms,48cc93a3572bd769,1,0,1,0,1,0,18,0,0
joomla/joomla-cms,624159ce5ca81cdb,1,0,1,0,1,0,18,0,0
joomla/joomla-cms,dd548483b7761de0,1,0,1,1,1,1,18,54,0
joomla/joomla-cms,c395091f51e97f98,1,0,1,0,1,0,18,0,0
joomla/joomla-cms,e371d1188aea52a0,1,0,1,0,1,0,18,0,0
joomla/joomla-cms,1cf8bb9662366ad3,1,0,1,0,1,0,18,0,0
joomla/joomla-cms,9822dc82bea1ad97,1,0,1,0,1,0,18,0,0
joomla/joomla-cms,43ac4c5692e906d4,1,0,1,0,1,0,18,0,0
joomla/joomla-cms,cefe4a2aaffe8fe2,1,0,1,1,1,1,18,108,0
joomla/joomla-cms,9a50b267a1de0ec1,1,1,1,1,1,1,18,27,0
joomla/joomla-cms,e088d53fe15b9ba6,1,0,1,0,1,0,18,0,0
joomla/joomla-cms,99c1818f12ba76f6,1,0,1,0,1,0,18,0,3
joomla/joomla-cms,5a9c6199124ccdaa,1,1,1,1,1,1,18,27,0
joomla/joomla-cms,7e8b342198ac4906,1,0,1,0,1,0,18,0,0
joomla/joomla-cms,a890db1b9b63e56f,1,0,1,1,1,1,18,57,0
joomla/joomla-cms,f46110700b2dd06f,1,0,1,0,1,0,18,0,0
jupyterlab/jupyterlab,5ebd1aa93f55d340,1,0,0,0,0,0,0,0,0
jupyterlab/jupyterlab,479a93a4dc35a191,1,0,0,0,0,0,0,0,0
jupyterlab/jupyterlab,27fb0a756a88072e,1,1,0,0,0,0,0,0,0
jupyterlab/jupyterlab,aaf2bce259838bee,1,1,0,0,0,0,0,0,0
laramies/theHarvester,b71b16e59ee54a46,0,0,0,0,0,1,0,106,3
libgdx/libgdx,a80c32dee9d8654c,1,0,0,0,1,0,8,0,0
libgdx/libgdx,3529b6c5c442c267,1,0,0,0,1,0,8,0,0
libgdx/libgdx,351bdc97d7d5c1c8,1,0,0,0,1,0,8,0,0
libgdx/libgdx,124cdd124a6b2f0a,0,0,0,1,0,1,0,5,4
libgdx/libgdx,a5c7f7e8c7743ee7,1,0,0,0,1,0,8,0,0
libgdx/libgdx,bf62a79a4b38658e,1,0,0,0,1,0,8,0,0
libgdx/libgdx,ab8e360d922b7134,1,0,0,0,1,0,8,0,0
libgdx/libgdx,0c02324bf459f379,1,0,0,0,1,0,8,0,0
libgdx/libgdx,533c6edca7c83a0a,1,0,0,0,1,0,8,0,0
libgdx/libgdx,b8c9c552cb471b49,1,0,0,1,1,1,8,11,0
libgdx/libgdx,4c6c47ae1714a851,1,1,0,1,1,1,8,28,0
libgdx/libgdx,6432cea26d6a8717,1,0,0,0,1,0,8,0,0
libgdx/libgdx,c3ba9ca98c714db6,1,0,0,0,1,0,8,0,0
libgdx/libgdx,1186e3c57c0d66a3,1,0,0,0,1,0,8,0,0
libgdx/libgdx,f0a12dcc41c75d28,1,0,0,0,1,0,8,0,0
libgdx/libgdx,b7cca166b3225066,1,0,0,0,1,0,8,0,0
libp2p/rust-libp2p,51ea339d5e40e4b8,0,0,0,0,0,0,0,0,2
libvips/libvips,5856939957ed519d,1,0,1,1,1,1,150,137,1
lichess-org/lila,c7c46b27e883a628,1,0,1,1,1,1,725,41,10
lichess-org/lila,54e4a541a74a4e77,1,1,1,1,1,1,725,2805,0
lichess-org/lila,e34f99c668dda041,1,0,1,0,1,0,725,0,3
lightgbm-org/LightGBM,0e0a024e0187c38d,1,1,1,1,1,1,56,35,1
lightgbm-org/LightGBM,4e93d670293def4f,1,0,1,0,1,1,56,1,10
lightgbm-org/LightGBM,263bfdd4e44ba860,1,0,1,0,1,1,56,1,15
lightgbm-org/LightGBM,dd558233c7063d57,1,0,1,0,1,0,56,0,0
lightgbm-org/LightGBM,da8bd23ee10ae633,1,1,1,1,1,1,56,35,4
lightgbm-org/LightGBM,86097d7f49a0a06f,1,0,1,0,1,0,56,0,1
lightgbm-org/LightGBM,eca12c0a30e25b4b,1,0,1,0,1,0,56,0,2
lightgbm-org/LightGBM,25c5c42e96fce8e0,1,0,1,0,1,1,56,4,10
lightgbm-org/LightGBM,c9d6a9b1213f9c5a,1,1,1,1,1,1,56,35,2
lightgbm-org/LightGBM,58213d9b70c6bf8b,1,1,1,1,1,1,56,35,4
lllyasviel/stable-diffusion-webui-forge,b4b7969eb6a34dc0,1,0,0,0,1,1,59,517,0
lllyasviel/stable-diffusion-webui-forge,479163685bafaa4c,1,0,0,0,1,1,59,517,1
lllyasviel/stable-diffusion-webui-forge,18be4c015525ceca,1,0,0,0,1,1,59,517,1
lllyasviel/stable-diffusion-webui-forge,b67641cf8802a9b9,1,0,0,0,1,1,59,517,0
lllyasviel/stable-diffusion-webui-forge,57519d79eb8fca0c,1,0,0,0,1,0,59,0,2
lllyasviel/stable-diffusion-webui-forge,6b040102aa8f0e3a,1,0,0,0,1,1,59,517,0
lllyasviel/stable-diffusion-webui-forge,362e762d8b52142b,1,0,0,0,1,0,59,0,2
lllyasviel/stable-diffusion-webui-forge,af5cef44524d25c0,1,0,0,0,1,0,59,0,0
lllyasviel/stable-diffusion-webui-forge,c888caf5f8628b5c,1,0,0,0,1,0,59,0,2
lllyasviel/stable-diffusion-webui-forge,c47505ac02dfa18a,1,0,0,0,1,1,59,517,0
locustio/locust,021d9615aa6aadc6,1,0,1,0,0,1,0,2,2
locustio/locust,8a47c805dad0551d,1,0,1,0,0,0,0,0,0
locustio/locust,f49579bbc435e9c2,1,0,1,0,0,1,0,2,0
markbates/goth,7c1b8c5172fe7687,1,0,0,0,0,0,0,0,2
matomo-org/matomo,29937dc58bcc5a65,1,0,0,0,0,0,0,0,3
matomo-org/matomo,670df103590cb109,1,0,1,0,1,0,49,0,0
mhammond/pywin32,89b89d38d9f1be21,1,0,0,0,0,0,0,0,0
mhammond/pywin32,d82bacb6fb4a40d9,1,0,0,0,0,0,0,0,0
mhammond/pywin32,335cdad3d6df7515,1,0,1,0,1,0,13,0,0
mhammond/pywin32,58efa6b6c0415d00,1,1,0,1,0,1,0,13,0
mhammond/pywin32,4b0b8ca0eb512ad4,1,0,0,0,0,0,0,0,0
mhammond/pywin32,d60e42dd5251189a,1,1,0,1,0,1,0,13,0
mhammond/pywin32,d7bd5e1143f378f2,1,1,0,1,0,1,0,13,0
mhammond/pywin32,007185934d007129,1,0,0,0,0,0,0,0,0
mhammond/pywin32,dcadac701d5ba98b,1,1,0,1,0,1,0,13,0
mhammond/pywin32,51c1538be24a8bd0,1,1,0,1,0,1,0,13,0
mhammond/pywin32,8888042dc1b65f2f,1,1,0,1,0,1,0,13,0
mhammond/pywin32,2df0fa9696be0d3d,1,0,0,0,0,0,0,0,0
micropython/micropython,7d12e3affca5d96b,1,1,0,0,0,0,0,0,0
micropython/micropython,645aeec883171a77,1,0,0,0,0,0,0,0,0
microsoft/vscode,d3db57cafd259f76,1,0,0,1,0,0,0,0,0
microsoft/vscode,bc20aac9fefb34be,1,1,0,1,0,1,0,104,0
microsoft/vscode,c405bdd62832fe4c,1,0,0,1,0,1,0,560,4
mlflow/mlflow,746fba7ff6468236,1,0,1,0,1,0,592,0,3
mlflow/mlflow,e3d9ef472de156bb,0,0,0,0,0,0,0,0,0
mlflow/mlflow,d1b0c09aa2f4c95e,1,0,1,0,1,0,592,0,0
mongodb/mongo,4fb3939b25a9cb7a,1,0,0,0,0,0,0,0,2
mongodb/mongo,24b41a878c95cc46,1,0,1,0,0,0,0,0,3
mongodb/mongo,850270d084d920c0,1,0,0,0,0,0,0,0,3
mongodb/mongo,df9336ed54de3bcb,1,0,1,0,0,0,0,0,7
mongodb/mongo,6a89116344db710b,1,0,0,1,0,1,0,38,3
mongodb/mongo,ce954dd0f0cad9f6,1,0,1,0,0,0,0,0,4
mongodb/mongo,bd4c563b17b9e020,0,0,0,0,0,0,0,0,3
mongodb/mongo,0cbda3c32be28eb9,1,0,1,0,0,0,0,0,3
mozilla/pdf.js,343e461034ffe73d,1,0,1,0,1,0,338,0,5
mruby/mruby,4c3ecc809498c838,1,0,1,0,1,0,53,0,27
mruby/mruby,9a66270d3c199171,1,0,1,0,1,1,53,1,3
mui/material-ui,7ccf250460b1353d,0,1,0,0,0,1,0,165,1
musescore/MuseScore,0efd95ac4ff1f971,1,0,1,0,1,0,597,0,2
musescore/MuseScore,dcbf17d1aae09146,1,0,1,1,1,1,597,636,4
musescore/MuseScore,3ec1551f56c9df55,1,0,1,0,1,0,597,0,0
musescore/MuseScore,22e02056afb2c77b,1,0,1,0,1,0,597,0,1
musescore/MuseScore,993bdbc0d091582b,1,0,1,1,1,1,597,636,20
musescore/MuseScore,5a0882c75c9a2a6c,1,0,1,1,1,1,597,636,1
musescore/MuseScore,f483d496293e3bb8,1,0,1,1,1,1,597,334,2
musescore/MuseScore,3c50a91c95145de0,1,0,1,1,1,1,597,636,18
musescore/MuseScore,c6b098646bf32c64,1,0,1,0,1,1,597,1,1
musescore/MuseScore,16301668fbeefe05,1,0,1,0,1,0,252,0,18
musescore/MuseScore,f53f2bb6c7ec7409,1,0,1,0,1,0,597,0,2
musescore/MuseScore,fef85e5e5da30eb7,1,0,1,1,1,1,597,270,2
musescore/MuseScore,aad69a27cabbdd7f,1,0,1,1,1,1,597,636,3
musescore/MuseScore,ebc2e207d007b8d1,1,0,1,1,1,1,252,78,20
musescore/MuseScore,27eb734e6b7f4663,1,0,1,1,1,1,597,636,3
musescore/MuseScore,5bc5bd2335ab961d,1,1,1,1,1,1,597,252,2
musescore/MuseScore,292d078bf25fb1c3,1,1,1,1,1,1,597,252,4
musescore/MuseScore,40e5dfbe4f9e8d87,1,0,1,1,1,1,597,636,47
musescore/MuseScore,ce72a4e79f2a4c68,1,0,1,1,1,1,597,636,3
nasa/openmct,bc33e00d4264e0d1,1,0,0,0,1,0,8,0,0
nasa/openmct,cf0e0c533a746678,1,1,0,1,1,1,8,1,0
nasa/openmct,0366c76da2dbcceb,1,0,0,1,1,1,8,13,0
nasa/openmct,1db525a4941d108b,1,0,0,1,1,1,8,13,0
nasa/openmct,b1fabab378e01eeb,0,1,1,0,1,0,13,0,0
nasa/openmct,516f9d0448dadba0,1,0,0,1,1,1,8,13,1
nasa/openmct,c9a0f599347744d8,1,0,0,0,1,0,8,0,0
nasa/openmct,d5b15d6213d2569a,1,0,0,0,1,0,8,0,0
nasa/openmct,fefcf860fceef1d7,1,0,0,0,1,0,8,0,1
nasa/openmct,2ca79d42d0dd9016,1,0,0,1,1,1,8,13,0
nasa/openmct,b55616276b559ca5,1,0,0,1,1,1,8,13,1
nasa/openmct,d33215c798ae30ea,1,0,0,0,1,0,8,0,0
nasa/openmct,4edb10beec1b0829,1,0,0,1,1,1,8,9,0
nasa/openmct,8246ed55d2ccfa6f,1,0,0,0,1,0,8,0,0
nasa/openmct,d37749bf5d7548ab,1,0,0,0,1,0,8,0,0
nasa/openmct,65dc201fd0d5225d,1,0,0,0,1,0,8,0,0
navidrome/navidrome,b228ca5467e74261,1,1,1,0,1,0,386,0,4
navidrome/navidrome,bcbb5f0c84c1a4f5,1,1,0,0,0,0,0,0,2
neondatabase/neon,a5bddb4074d1b376,1,0,0,0,1,1,96,152,0
neondatabase/neon,0fedb3db3ff00a31,0,0,0,0,1,0,46,0,0
neovim/neovim,0a99a82106ad0e7a,1,0,1,1,1,1,138,54,0
neovim/neovim,3dce9b75198ef0d0,1,0,1,0,1,0,48,0,0
neovim/neovim,32cf9cfcc3e0867b,1,0,1,0,1,0,103,0,5
netblue30/firejail,d370858d210f179c,0,0,0,0,0,0,0,0,1
netblue30/firejail,1c5c16b045ee5292,0,0,0,0,0,0,0,0,0
netblue30/firejail,c946a5785fb1f464,1,0,1,0,1,0,246,0,1
nix-community/home-manager,c459df0b99d630e7,1,0,1,0,1,0,483,0,1
nix-community/home-manager,372658acbbff357e,1,0,1,0,1,0,483,0,0
nix-community/home-manager,f72f8c42085869c2,1,1,1,0,1,1,483,9,0
nix-community/home-manager,417f396616b0eb70,1,0,1,1,1,1,483,78,1
nix-community/home-manager,d2f0b1e2a0e2314a,1,0,1,0,1,1,483,1,2
nix-community/home-manager,aac03a529e226886,1,0,1,1,1,1,483,78,0
nix-community/home-manager,7899a4897bc352ca,1,0,1,0,1,1,483,12,0
nix-community/home-manager,1cc580de297308d9,1,0,1,1,1,1,483,78,17
ntop/ntopng,3ca1b0328418a217,1,0,1,0,1,0,4,0,7
ntop/ntopng,4703140bc98b2097,1,0,1,1,1,1,4,645,2
observablehq/plot,eee16942401d4c91,1,0,1,1,1,1,28,47,1
observablehq/plot,b3a963cfa81f0896,1,0,1,1,1,1,28,47,3
observablehq/plot,1cfd13c8abe6c11a,1,0,1,1,1,1,28,47,0
obsproject/obs-studio,29eaf797e22397ff,1,0,1,1,1,1,100,1,1
obsproject/obs-studio,7e9d837b5df00cea,1,0,1,1,1,1,100,14,0
official-stockfish/Stockfish,e54829652fc2edb0,0,0,0,1,0,0,0,0,9
official-stockfish/Stockfish,5e10e0eae2cec939,1,0,1,1,1,1,26,87,17
official-stockfish/Stockfish,73a56e016c685cf8,1,0,1,0,1,0,26,0,1
official-stockfish/Stockfish,13fa362150fa8634,1,0,1,0,1,0,26,0,18
official-stockfish/Stockfish,d9c39a0f4329ea10,1,0,1,0,1,0,26,0,5
official-stockfish/Stockfish,10c2312f1cfa9d66,1,0,1,0,1,0,26,0,1
official-stockfish/Stockfish,da313937d54e9247,1,0,1,1,1,0,26,0,12
official-stockfish/Stockfish,33f501b6f63de230,1,0,1,1,1,0,26,0,17
official-stockfish/Stockfish,48409e2ea320663a,1,0,1,0,1,0,26,0,4
official-stockfish/Stockfish,0f2b7f38c6258a8e,1,0,1,1,1,0,26,0,11
official-stockfish/Stockfish,9b3b743971a2908b,1,0,1,0,1,0,26,0,16
official-stockfish/Stockfish,a8800481720f02cf,1,0,1,0,1,0,26,0,11
official-stockfish/Stockfish,aeb482d3eecf1ef6,1,0,1,1,1,0,26,0,21
onnx/onnx,e702454534a97327,1,0,0,0,0,0,0,0,3
onnx/onnx,a86e2e20be0e3d9e,1,0,0,0,0,0,0,0,6
onnx/onnx,e98aa4b715868110,1,0,1,0,1,0,52,0,2
onnx/onnx,3f0599fcf88a5990,0,0,0,0,1,0,1,0,0
onnx/onnx,64fcb803e531846e,1,0,1,0,1,0,52,0,1
onnx/onnx,dee4e05e8bc6cc9b,1,0,0,0,0,0,0,0,3
onnx/onnx,801ecec15297cdaa,1,0,1,0,1,0,52,0,0
onnx/onnx,b11aad02f82cb34f,1,0,1,0,1,0,52,0,1
onnx/onnx,eb6aca7d93f6a378,1,0,0,0,0,0,0,0,2
openscad/openscad,31efc4029e3e4a41,1,0,1,1,1,1,86,150,2
openscad/openscad,7cea1992bfaecf01,1,0,1,0,1,0,86,0,2
openscad/openscad,48ee9417583fec9d,1,0,1,1,1,1,86,150,2
openscad/openscad,ddea0991b61e13ff,1,0,1,0,1,0,86,0,1
openscad/openscad,68a309b81039aa4a,1,0,1,1,1,1,86,150,1
openscad/openscad,7764e1208922d8e1,1,0,1,1,1,1,150,150,1
openscad/openscad,e59c376469733074,1,0,1,0,1,1,5,5,7
openscad/openscad,fd24deb399cb0947,1,0,1,1,1,1,5,150,0
openscad/openscad,e667c86528377562,1,0,1,0,1,0,86,0,1
openssl/openssl,88a86a9c99aaebc2,1,0,1,0,1,0,83,0,0
openssl/openssl,23181611f99af0d8,1,0,1,1,1,1,83,26,0
openssl/openssl,013693ee255c83ea,1,0,1,0,1,0,83,0,5
openssl/openssl,f1bfc666d9b7824d,1,0,1,0,1,0,83,0,5
openssl/openssl,67db6b3831d76eda,1,0,1,0,1,0,83,0,5
openssl/openssl,1fae329b6e146466,1,0,1,0,1,0,83,0,0
openssl/openssl,304445fed6841989,1,0,1,0,1,0,83,0,1
openssl/openssl,285163e21c9be149,0,0,1,0,1,0,89,0,3
openssl/openssl,ed378e5d441e0b9c,1,0,1,0,1,0,83,0,0
openssl/openssl,3a8acecb412715b1,1,0,1,0,1,0,83,0,3
openssl/openssl,351e1ba3434b990a,1,0,1,1,1,1,83,1,0
openssl/openssl,eb10142c2cce38f4,1,0,1,1,1,1,83,26,3
openssl/openssl,c003570e4501cc33,1,0,1,0,1,0,83,0,1
openssl/openssl,ea8d6a765ecab42e,1,0,1,0,1,0,83,0,3
openssl/openssl,b7c07a85e485d1bf,1,0,1,0,1,0,83,0,4
openssl/openssl,0f0f084af239f330,1,0,1,0,1,0,83,0,7
openssl/openssl,94ecff2d2d93431c,1,0,1,0,1,0,83,0,0
openssl/openssl,fbe1686ba03b341f,1,0,1,1,1,1,83,1,6
openssl/openssl,56096a8675c0c8e5,1,0,1,0,1,0,83,0,8
openssl/openssl,60f07a6e239280aa,1,0,1,0,1,0,83,0,0
orhun/git-cliff,804180bd3aa987c3,1,0,0,1,1,1,4,11,5
orhun/git-cliff,df567e9f31214fa9,1,0,0,1,1,1,4,94,3
orhun/git-cliff,cf8bc31787ec4662,1,0,0,1,1,1,4,94,32
orhun/git-cliff,1746b3518e922db8,1,0,0,1,1,1,4,94,17
orhun/git-cliff,289f0398791db3a8,1,0,0,0,1,0,4,0,17
orhun/git-cliff,26d62ab23081d155,1,0,0,1,1,1,4,94,7
orhun/git-cliff,bbedcd3b835e2aa3,1,0,0,1,1,1,4,94,9
orhun/git-cliff,4079b32a57bc47b5,1,0,0,1,1,1,4,94,2
orhun/git-cliff,9d830e0be5fc2013,1,0,0,1,1,1,4,94,14
orhun/git-cliff,fb8ea8d3a2eea059,1,0,0,1,1,1,4,94,16
orhun/git-cliff,1e999f899193674d,1,0,0,1,1,1,4,94,1
orhun/git-cliff,f30ef6c50ba991a3,1,0,0,0,1,1,4,1,2
orhun/git-cliff,d6715128f2b8aa1f,1,0,0,1,1,1,4,94,21
orhun/git-cliff,12f64353fb3d8cb4,1,0,0,1,1,1,4,94,8
orhun/git-cliff,3f80abb814a55760,1,0,0,1,1,0,4,0,1
orhun/git-cliff,0a438830247e2e92,1,0,0,1,1,1,4,94,0
orhun/git-cliff,09727b604ca12401,1,0,0,1,1,1,4,94,5
orhun/git-cliff,56d2e9b48d9c6d1f,1,0,0,1,1,1,4,94,14
orhun/git-cliff,a9ca597c71fe138c,1,0,0,1,1,1,4,94,5
orhun/git-cliff,66cced4c6dfbc084,1,0,0,0,1,0,4,0,5
oxc-project/oxc,d1b9fd43898a6cd4,1,0,1,0,1,0,408,0,7
payloadcms/payload,367c607e0daa99d8,1,0,1,1,1,1,380,252,6
payloadcms/payload,bf427b92ec58f05e,1,0,0,1,0,1,0,252,6
payloadcms/payload,97c1932659a11f70,0,0,1,0,1,1,2,1,0
pbek/QOwnNotes,8653ab024388cd10,1,1,1,0,1,0,763,0,0
pbek/QOwnNotes,43c45134900dcb86,1,1,1,0,1,0,763,0,1
pbek/QOwnNotes,8419ddbdc2f998ab,1,1,1,0,1,0,763,0,0
phoenixframework/phoenix_live_view,7427225b8e078fa9,1,0,1,0,1,0,222,0,1
phoenixframework/phoenix_live_view,73e09b3154c52cf9,1,0,1,0,1,0,222,0,1
playframework/playframework,90385cde9557227e,0,0,0,0,0,0,0,0,0
playframework/playframework,bc49ade0b6153d73,0,0,0,0,0,0,0,0,2
playframework/playframework,6933d95e99b69816,0,0,0,0,0,0,0,0,0
playframework/playframework,f0b139aadb4194fe,0,0,0,0,0,0,0,0,0
portainer/portainer,f5a02aaa9d9732b9,1,0,1,0,1,0,1,0,1
portainer/portainer,f896ada0bc3000f9,1,0,1,0,1,0,1,0,0
portainer/portainer,1821879c8f51d520,1,0,1,0,1,0,1,0,0
portainer/portainer,7a7e10a143df968d,1,0,1,0,1,0,1,0,0
postgres/postgres,17b0ef49cab662e6,1,1,1,1,1,1,84,364,3
postgres/postgres,470eedb3d0863f39,1,0,1,0,1,0,364,0,3
ppy/osu,f87d66d6f27b89b7,1,0,1,1,1,1,1333,15,0
psf/requests,834e9b406d74791f,1,0,1,0,1,0,7,0,0
psf/requests,33c13e0b177bacd2,1,0,1,0,1,0,7,0,4
pwr-Solaar/Solaar,e4c0d8eabae0e32a,1,0,0,0,0,0,0,0,2
pwr-Solaar/Solaar,84813094e2d7d8d9,1,0,0,0,0,0,0,0,2
pwr-Solaar/Solaar,74640e416542d407,1,0,0,0,0,0,0,0,3
pwr-Solaar/Solaar,c006ba4591a59df2,0,0,1,1,1,1,124,41,6
pwr-Solaar/Solaar,0410ee313c5b7933,1,0,0,0,0,0,0,0,0
pyinfra-dev/pyinfra,7b2eb920be64338b,1,0,1,0,1,0,55,0,2
pyinfra-dev/pyinfra,44a476d81b8d0e7a,1,0,1,0,1,0,55,0,1
pyinfra-dev/pyinfra,85933aa74a2d66c3,1,0,1,0,1,0,55,0,4
pylint-dev/pylint,7fa3613a0470b923,1,0,0,1,0,1,0,1,10
pylint-dev/pylint,6bfaf8aedcebcd61,1,0,0,0,0,0,0,0,0
pylint-dev/pylint,1c142afc02e8b8c4,1,0,0,1,0,1,0,32,18
pylint-dev/pylint,1f493e34315057f3,1,0,0,1,0,1,0,1,1
pypa/pip,4523dc329d3e372a,1,0,1,0,1,0,4,0,0
pypa/pip,ebb046839d6a360b,1,0,1,0,1,1,4,1,4
pypa/pip,3b1e3d6c6aafc86a,1,0,1,0,1,0,4,0,0
pypa/pip,6fbd1c928e58f61a,1,0,1,0,1,0,4,0,9
pypa/pip,e82afdeaf84bf5be,1,0,1,0,1,0,4,0,1
pypa/pip,6baccff0b8780fd3,1,0,1,0,1,0,85,0,0
pypa/pip,96d476f392cb7e26,1,0,1,0,1,0,4,0,2
pypa/pip,9c59a7225ee46430,1,0,1,0,1,0,4,0,0
pypa/pip,3322489f2d1e2ae6,0,0,0,0,0,0,0,0,0
pypa/pip,3becafed813ae9b8,1,0,1,1,1,0,4,0,3
pytest-dev/pytest,551b288d96b2e6f4,1,0,1,0,1,0,3,0,0
pytest-dev/pytest,1504539a1ce720b0,1,0,1,0,1,0,3,0,14
pytest-dev/pytest,8fcbff8c2cca9760,1,0,1,0,1,0,3,0,4
pytest-dev/pytest,ef410a42eab80274,0,0,1,0,1,0,40,0,0
python-pillow/Pillow,431185b18989797e,1,0,1,1,1,1,502,11,13
python-pillow/Pillow,a592fb63b483610c,1,0,1,1,1,1,502,11,7
python-pillow/Pillow,e77b1f91efc48bb4,1,0,1,1,1,1,502,11,0
python-pillow/Pillow,4fd9026ffa5b57cb,1,0,1,1,1,1,502,11,12
python-pillow/Pillow,e42e1f45eaecd64f,1,0,1,1,1,1,502,11,27
python-telegram-bot/python-telegram-bot,de46a47648048e3c,0,0,0,1,0,1,0,12,1
python-telegram-bot/python-telegram-bot,b6583ef1923d31e0,1,0,1,0,1,0,70,0,1
python-trio/trio,577eb26efa2d1664,1,0,0,0,1,1,83,13,5
python-trio/trio,00e4133823bf6920,0,0,0,0,0,1,0,13,2
python/mypy,4d7515936862a155,1,0,1,1,1,1,80,151,6
python/mypy,8f0d4930bbf87aa2,0,0,1,1,1,1,151,2,5
python/mypy,80dee8a782b382f7,0,0,1,1,1,1,115,151,17
python/mypy,9d811d0b7bd06103,1,0,0,1,0,1,0,151,1
pytorch/pytorch,95e1eb7c29150110,0,0,1,0,1,0,4,0,8
pytorch/pytorch,9a98433761fadd60,1,0,1,1,1,1,7,104,3
pytorch/vision,68dac17b6bf5c1f8,1,0,0,0,0,0,0,0,0
pytorch/vision,1003f09123dbb688,1,0,0,0,0,0,0,0,1
qemu/qemu,8eb9f0a59d0fc735,1,0,1,0,0,1,0,1,1
qemu/qemu,ab8a1b72871a66fc,1,0,1,0,0,0,0,0,0
qemu/qemu,39b4a13bdcfc0b88,1,0,1,0,0,0,0,0,1
qtile/qtile,cc516137acc03a81,0,0,0,0,0,0,0,0,1
quantumlib/Cirq,c61773ec62f9a1ed,0,0,1,0,1,0,34,0,2
quartznet/quartznet,65cc6fff450599ed,1,0,1,0,1,0,24,0,7
quartznet/quartznet,db9d1e7048d1aed7,1,0,1,0,1,0,24,0,2
quartznet/quartznet,4c2326e2e13820c9,1,0,1,0,1,0,24,0,1
questdb/questdb,9fa8ffb3a07706c5,1,0,1,1,1,1,96,106,9
rails/rails,baf71687c395f0e1,1,0,1,0,1,0,34,0,6
rails/rails,b0e9e928ad4f52e8,1,0,1,0,1,1,34,1,3
rails/rails,3f752c786661d783,1,0,1,0,1,0,34,0,6
rails/rails,8cb85df2b6e5e054,0,0,0,0,1,0,1,0,0
rails/rails,97a76df2ed41f840,1,0,1,0,1,0,41,0,0
rapid7/metasploit-framework,9eb0cd71d85328d7,1,0,0,0,0,0,0,0,0
rapid7/metasploit-framework,13e0764b67c2c50b,1,0,0,0,0,0,0,0,0
rapid7/metasploit-framework,0b9ef086b261164f,1,0,0,0,0,0,0,0,0
rapid7/metasploit-framework,902aeef191945d5c,1,0,0,0,0,0,0,0,0
rapid7/metasploit-framework,75cfa0c3128c36d0,1,1,0,1,0,1,0,83,0
rapid7/metasploit-framework,68857806d08888fd,1,0,0,0,0,0,0,0,1
rapid7/metasploit-framework,7dec6e5dd944a45b,1,0,0,0,0,0,0,0,1
rapid7/metasploit-framework,68a8637dc9b5869e,1,0,0,0,0,0,0,0,4
rapid7/metasploit-framework,4e778bf944934e9a,1,0,0,0,0,0,0,0,0
rapid7/metasploit-framework,118f7e897a4fd36e,1,0,0,1,0,1,0,142,2
rapid7/metasploit-framework,cfcc18dff8fb8fe5,1,0,0,0,0,0,0,0,0
rapid7/metasploit-framework,c339d10f66cb4e46,1,0,0,0,0,0,0,0,0
rapid7/metasploit-framework,955f3181d80ffd57,1,0,0,0,0,0,0,0,1
rapid7/metasploit-framework,2871e34dd06a1b3f,1,0,0,0,0,0,0,0,0
rapid7/metasploit-framework,aa2a5f1910dfe643,1,0,0,0,0,0,0,0,0
rapid7/metasploit-framework,5e409ee43db21a13,0,0,1,0,1,1,142,2,0
rapid7/metasploit-framework,48f2e6167fb6cbd1,1,0,0,0,0,0,0,0,2
ray-project/ray,c569fb1fe30ff7c5,1,0,0,0,0,0,0,0,0
readthedocs/readthedocs.org,146f632887587a3b,1,0,1,0,1,0,161,0,0
readthedocs/readthedocs.org,81fd4a9f279f6d8c,1,0,1,1,1,1,27,9,0
refined-github/refined-github,4f091437818663a7,1,1,1,1,1,1,184,184,50
rime/weasel,e66fc694ea8d004d,1,0,0,0,0,1,0,5,4
rime/weasel,d7ba8373f1f9c5e0,1,0,0,0,0,0,0,0,0
rime/weasel,bd882783dc50d509,1,0,0,0,0,1,0,5,0
rime/weasel,a1830acd52879291,1,0,0,0,0,1,0,5,0
rime/weasel,ae04916ec6907b89,1,0,0,0,0,1,0,5,0
rime/weasel,43ea4d95cfc07c65,1,0,0,0,0,1,0,5,0
rime/weasel,ffd715da59e1817e,1,0,0,1,0,1,0,67,0
rime/weasel,4cb07d643707d247,1,0,0,0,0,0,0,0,0
rime/weasel,25d66697198c1ab9,1,0,0,0,0,1,0,5,1
rime/weasel,d051c9338f14603e,1,0,0,0,0,0,0,0,0
rime/weasel,4fb955a021bc4228,1,0,0,0,0,1,0,5,0
rime/weasel,ca01fbb0ebc4d847,1,0,0,0,0,0,0,0,1
rime/weasel,5eaa497f481ec896,1,0,0,0,0,0,0,0,3
rime/weasel,dedcb5ddfc401f42,1,0,0,0,0,0,0,0,1
rime/weasel,d32d68260a39d41f,1,0,0,0,0,1,0,5,0
rime/weasel,8736b99ddbb63737,1,0,0,0,0,1,0,5,0
rime/weasel,d5b3f2da4a312934,1,0,0,0,0,0,0,0,0
rime/weasel,36842db73f8596d1,1,0,0,0,0,1,0,5,0
rime/weasel,fa9601d5de0a2064,1,0,0,1,0,1,0,67,1
rime/weasel,b2712283a2906696,1,0,0,0,0,1,0,5,0
rime/weasel,e80548b110b2271f,1,0,0,1,0,1,0,67,3
rime/weasel,c5581411ed0db15a,1,0,0,0,0,0,0,0,0
rime/weasel,d029a39d42ce73bf,1,0,0,0,0,1,0,5,1
risingwavelabs/risingwave,b4ad2aa5d942cd06,1,1,1,1,1,1,214,214,1
robotframework/robotframework,e7bdea5648be4467,1,0,1,0,1,0,359,0,0
ruby/ruby,013e433ef2098a14,1,0,1,1,1,1,304,2,1
rust-lang/cargo,7c0fc19f54befca4,1,1,1,0,1,1,93,3,8
rust-lang/rust-analyzer,379e5c97596b430a,0,0,1,1,0,0,0,0,4
rust-windowing/winit,a947c9d2523f34e5,1,0,0,0,1,0,3,0,0
saltstack/salt,c6ff6417627c3aa7,0,0,0,0,0,0,0,0,0
saltstack/salt,0d22c8ffa3fb2099,1,0,0,0,0,0,0,0,0
saltstack/salt,62af6f17d4afe359,1,0,0,0,0,0,0,0,0
saltstack/salt,1d38435cf2b52935,1,0,0,1,0,0,0,0,12
saltstack/salt,44a0689fffbe2bcc,1,0,0,0,0,0,0,0,0
saltstack/salt,e5aa981c5f85cbc2,1,1,0,0,0,0,0,0,2
scikit-learn/scikit-learn,9d74150615421581,1,0,1,0,1,0,12,0,4
scikit-learn/scikit-learn,242d777c2b3340f4,1,0,1,0,1,0,12,0,1
scikit-learn/scikit-learn,1a02751b14268cca,1,0,1,0,1,0,12,0,0
scikit-learn/scikit-learn,3d9c732e6dba6166,1,0,1,1,1,1,12,60,3
scikit-learn/scikit-learn,be5d0efe968de44c,1,0,1,0,1,0,12,0,2
scikit-learn/scikit-learn,da0141afe6be65f8,1,0,1,0,1,0,12,0,0
scikit-learn/scikit-learn,ed594d42c0414d70,1,0,1,0,1,0,29,0,2
scrapy/scrapy,4673e6a723df4e72,1,0,0,0,0,0,0,0,3
scrapy/scrapy,a6952bc41d380964,0,0,1,1,1,1,215,215,2
scrapy/scrapy,34bbf40cbe551007,1,0,0,0,0,0,0,0,0
secdev/scapy,ffa5a92829e312ec,1,1,0,1,0,1,0,5,1
secdev/scapy,a9efb1b290b70596,1,1,0,1,0,1,0,5,0
serenity-rs/serenity,55770ba1083852b3,1,1,1,0,1,0,21,0,2
shap/shap,aaac45c56f18d994,1,0,0,0,1,0,11,0,3
shap/shap,bf96f15727be84e6,1,0,0,0,1,0,11,0,1
shap/shap,5b6ebaf056bf514a,1,0,0,0,1,0,11,0,0
shap/shap,00c43825e5b2565c,0,0,0,0,0,0,0,0,0
simonw/datasette,3f6bf963ebd2fc1c,1,0,1,0,1,0,74,0,1
software-mansion/react-native-svg,9eafc14a7fced3ec,1,0,0,0,1,0,1,0,2
software-mansion/react-native-svg,84d7aa31f141dce2,1,0,0,0,1,0,1,0,2
software-mansion/react-native-svg,fee99cd01fb730b2,1,0,0,0,1,0,1,0,0
software-mansion/react-native-svg,3cad2478a7635124,1,0,0,0,1,0,1,0,0
software-mansion/react-native-svg,aa2bcce1bcf2ede9,1,0,0,0,1,0,1,0,0
software-mansion/react-native-svg,7f8adeb6e7faded1,1,0,0,0,1,0,1,0,1
software-mansion/react-native-svg,7b552860eff8701b,1,0,0,0,1,0,1,0,0
software-mansion/react-native-svg,83dd7b8333d91cdd,1,0,0,0,1,0,1,0,2
software-mansion/react-native-svg,4a01d8c1f743aae6,1,0,0,0,1,0,1,0,0
software-mansion/react-native-svg,be4dc8bbb1c43351,1,0,0,0,1,0,1,0,0
software-mansion/react-native-svg,e01c39554fde159c,1,0,0,0,1,0,1,0,6
software-mansion/react-native-svg,4297e4a8a84f3ba5,1,0,0,0,1,0,1,0,0
solidusio/solidus,9a7833ec67a1a605,1,0,1,0,0,0,0,0,0
spack/spack,6747fd55cd2597f6,1,1,1,1,1,1,62,508,44
spack/spack,d1cab1c15a7cb7f1,1,1,1,1,1,1,62,508,22
spack/spack,7d67ad2b6643aac7,1,0,1,1,1,1,62,242,22
spack/spack,0dc76b5b8370b4d9,1,0,1,0,1,1,180,4,1
spack/spack,02eeec2112c12800,1,1,1,1,1,1,508,180,1
spack/spack,33ff051ec2cfde85,1,0,1,0,1,1,62,6,3
spack/spack,69efdc880e0a8309,1,0,1,1,1,1,62,242,2
sphinx-doc/sphinx,41e722ea670cf760,1,0,1,0,1,1,639,1,0
spring-projects/spring-boot,998acf92017e4fe5,1,0,0,0,0,0,0,0,0
spyder-ide/spyder,52d8c8365954aa54,1,1,0,1,0,1,0,389,2
spyder-ide/spyder,dd74635af790d42f,1,1,0,1,0,1,0,389,7
spyder-ide/spyder,1ce6cc98f74b4118,1,0,0,0,0,0,0,0,1
spyder-ide/spyder,c3af64dda1d4c3c0,1,0,0,0,0,0,0,0,0
spyder-ide/spyder,8bf5387814b9cf11,1,0,0,0,0,0,0,0,2
spyder-ide/spyder,bf3e86edadef523d,1,0,0,0,0,0,0,0,0
spyder-ide/spyder,eb3b090b3179f79a,1,0,0,0,0,0,0,0,8
spyder-ide/spyder,88906e72a4ce7f68,1,1,0,1,0,1,0,389,0
spyder-ide/spyder,ea6f97263869ea39,1,0,0,0,0,0,0,0,0
spyder-ide/spyder,689bf938429964f5,1,1,0,1,0,1,0,389,12
spyder-ide/spyder,8f2a19ee779b955a,1,0,1,0,1,0,389,0,0
spyder-ide/spyder,7ffec092141cb723,1,0,0,0,0,0,0,0,0
spyder-ide/spyder,fe1e50e47a69986c,1,0,0,0,0,0,0,0,1
spyder-ide/spyder,b648dc0b9db219b2,1,0,0,0,0,0,0,0,4
spyder-ide/spyder,32011de7710d6367,1,1,0,1,0,1,0,389,14
spyder-ide/spyder,1b64c2ef3c48f8ab,1,1,0,1,0,1,0,389,1
spyder-ide/spyder,1b11c33f4fda2e3f,1,0,0,0,0,0,0,0,0
spyder-ide/spyder,4637abb85bcc2f09,1,0,0,0,0,0,0,0,0
spyder-ide/spyder,d3eabd8128727022,1,0,0,0,0,0,0,0,1
spyder-ide/spyder,91f500392bbe721a,1,0,0,0,0,0,0,0,0
spyder-ide/spyder,8aa222eb84ee5e86,1,1,0,1,0,1,0,389,7
spyder-ide/spyder,045f82700b08ffcf,1,1,0,1,0,1,0,389,29
sqlalchemy/sqlalchemy,d66bda32e606b493,1,0,1,0,1,0,179,0,1
sqlalchemy/sqlalchemy,4dea749d06a82f8d,1,0,1,0,1,0,179,0,2
statelyai/xstate,4ae5fb99e4e77441,1,0,1,1,1,1,54,54,1
statelyai/xstate,04881d8ada8e7599,1,0,0,1,1,1,2,54,0
statelyai/xstate,c7c10d12b295b659,1,0,0,0,1,0,2,0,0
statelyai/xstate,eece48b873a1af28,1,0,0,0,1,0,2,0,0
statelyai/xstate,19564fef6977b83f,1,0,0,0,1,0,2,0,0
streamlink/streamlink,5454b7040d76d807,1,0,1,0,1,0,315,0,0
supercollider/supercollider,bd1f634dafd78715,1,0,0,0,0,0,0,0,0
supercollider/supercollider,4b3d9199b62fd292,1,0,0,0,0,0,0,0,4
supercollider/supercollider,1ffcdfbcea9564c8,1,0,0,0,0,0,0,0,0
supercollider/supercollider,a8a8bfd166e789aa,1,0,0,0,0,0,0,0,0
supercollider/supercollider,2d13f34154d38777,1,0,0,0,1,0,10,0,0
taichi-dev/taichi,eea0b7148b7fe226,1,0,1,0,1,0,4,0,0
taichi-dev/taichi,6eca08135c0ef798,1,0,1,0,0,0,0,0,0
taichi-dev/taichi,3c7cde2821b1268e,1,0,1,0,1,0,4,0,0
taichi-dev/taichi,8641463ffef94529,1,0,1,0,0,0,0,0,0
taichi-dev/taichi,56064b859e79a6b4,1,0,1,0,0,0,0,0,0
taichi-dev/taichi,8456a7e8bc79f9eb,1,0,1,0,0,0,0,0,0
taichi-dev/taichi,30a997c52ac14a81,1,0,1,0,0,0,0,0,0
taichi-dev/taichi,dbc7855e62dee3cc,1,0,1,0,0,0,0,0,0
taichi-dev/taichi,41ded631a8780e30,1,0,1,0,0,0,0,0,0
taichi-dev/taichi,2a9e227025699317,1,0,1,0,0,0,0,0,0
teambit/bit,771cf274be208170,1,0,1,0,1,0,471,0,0
teambit/bit,f807e4f0ae7c32f8,1,0,1,1,1,1,471,6,0
tensorflow/tensorboard,23e828457a4d465f,1,1,0,0,0,0,0,0,0
tensorflow/tensorboard,75a085e8288ef48c,1,0,0,0,0,0,0,0,0
tensorflow/tensorboard,dfe6245fec9e5d4e,1,1,0,0,0,0,0,0,0
tianocore/edk2,8b26db422b2b2456,0,0,0,0,0,0,0,0,1
timber/timber,f33ad98927f59381,1,0,1,0,1,0,2,0,1
timber/timber,9cb20011e69c087a,1,0,1,0,1,0,2,0,1
timber/timber,a388b2fb1a6d2087,1,0,1,0,1,0,2,0,1
timber/timber,14c94dafae043cb9,1,0,1,0,1,0,2,0,1
timber/timber,6ac188236546e8e1,1,1,1,1,1,1,2,8,1
timber/timber,e614d665d2fb862d,1,0,1,0,1,0,2,0,0
timber/timber,3f17c51d404615a4,1,0,1,0,1,0,2,0,1
timber/timber,dd7574c63cefd65c,1,0,1,0,1,0,2,0,2
timber/timber,201f2b5a5eaa9e9e,1,0,1,0,1,0,2,0,2
timber/timber,cf66000dfa75996a,1,1,1,1,1,1,2,8,0
timber/timber,40e7eb04902050c0,1,0,1,0,1,0,2,0,0
timber/timber,251466f9d046f0ff,1,0,1,0,1,0,2,0,0
timber/timber,ca09b684de4d3d19,1,1,1,1,1,1,2,8,1
timber/timber,9f9944e825f756d7,1,0,1,0,1,0,2,0,1
timber/timber,f6d25625a99dcdfa,1,0,1,0,1,0,2,0,1
timber/timber,4cb93fa35b21f589,1,0,1,0,1,0,2,0,2
timber/timber,f4cdc0fcaafb9c8a,1,0,1,0,1,0,2,0,1
timber/timber,176356fdf4ee0f4a,1,0,1,0,1,0,2,0,1
timber/timber,d63bbc14dfb578a6,1,0,1,0,1,0,2,0,1
timber/timber,32a3dc1bb67023d1,1,0,1,0,1,0,2,0,0
timescale/timescaledb,6b06869f43f4dac0,1,1,0,0,0,0,0,0,0
timescale/timescaledb,e8564dcb4c81e23f,1,1,1,1,1,1,257,257,10
timescale/timescaledb,03208486ebbd60a6,1,1,1,1,1,1,111,152,0
tmuxinator/tmuxinator,83b334b691b76a3d,1,0,1,0,1,0,15,0,5
tmuxinator/tmuxinator,50a7110fd6ff7231,1,0,1,0,1,0,15,0,0
triton-lang/triton,f727c7f0e0514dca,1,1,0,1,0,1,0,184,43
triton-lang/triton,9df95854a7077fa3,1,1,1,1,1,1,174,174,0
triton-lang/triton,bc37d034bad56458,0,1,1,1,1,1,174,174,11
twisted/twisted,3e5ff9480b535b6c,1,0,0,0,1,0,25,0,0
twisted/twisted,8068a4ab15b0196a,1,0,0,0,1,0,25,0,0
twisted/twisted,8a0e82e7c7ee22d0,1,0,0,0,1,0,18,0,0
typelevel/cats,915f73d7b6d87361,1,0,0,0,1,0,1,0,1
unionlabs/union,f3abaefb739bc605,1,0,0,1,1,1,520,529,0
unionlabs/union,e5685c906db304ba,1,0,1,1,1,1,280,1319,0
unit8co/darts,65b16016ed02bcac,1,1,0,1,0,1,0,78,9
unit8co/darts,14c7f527fc1028f4,0,0,0,0,0,0,0,0,7
v8/v8,42b461e1f57253b7,0,0,1,0,1,0,62,0,0
valhalla/valhalla,4e549b2c7a80b225,1,0,0,1,0,1,0,4,1
valhalla/valhalla,335903af8df761a6,0,0,0,1,0,1,0,4,6
valhalla/valhalla,719e3424584a55d4,0,0,1,1,1,1,9,4,4
verl-project/verl,07c65794985259af,0,0,0,1,1,1,1,68,9
vitejs/vite,5dbd8fa6f9710bde,1,0,1,1,1,1,7,2,7
vitejs/vite,e8c1cecb28eb31fe,0,1,0,1,0,1,0,422,0
vitejs/vite,4a49b457ff0fce41,1,0,1,0,1,0,422,0,15
vosen/ZLUDA,4f2f8ec5d6ad004b,1,0,1,1,1,1,71,59,37
vosen/ZLUDA,33ad6ea376fb98b7,1,0,1,1,1,1,71,59,31
vosen/ZLUDA,dcadbbcd0813db7e,1,0,1,1,1,1,71,59,2
vosen/ZLUDA,a5cd637371d88ae5,1,0,1,1,1,1,71,59,2
vosen/ZLUDA,d4de5cb1f07ffd2a,1,0,1,1,1,1,71,59,5
vosen/ZLUDA,e8a7a7bd360d78e9,1,0,1,1,1,1,71,59,25
vosen/ZLUDA,564c4567f543a309,1,0,1,1,1,1,71,59,2
vosen/ZLUDA,15cdcb291297acd8,1,0,1,1,1,1,71,59,9
vuejs/vue,9bd206d431af23e1,1,0,1,0,1,0,241,0,0
vuejs/vue,8d9ebca802ecfbc3,1,0,1,0,1,0,241,0,0
wagtail/wagtail,d2b660c5c883f6dc,0,0,1,1,1,1,8,134,2
wagtail/wagtail,9d93622cd5966c6e,1,0,0,0,0,0,0,0,3
wagtail/wagtail,9069e1a29efdba2f,1,0,0,1,0,1,0,337,1
wagtail/wagtail,f732d1eb05c4dc49,1,0,1,1,1,0,102,0,1
wagtail/wagtail,683a04407b21bfc8,1,0,0,0,0,1,0,2,0
wandb/wandb,3f66c8acad7e9cc3,0,0,0,0,0,0,0,0,3
web-infra-dev/rspack,10226bd7f1d5b64d,0,0,1,1,1,1,100,100,0
withastro/astro,b2d5bdd6911a67a4,1,0,1,0,0,0,0,0,1
withastro/astro,3ec712aba256fd07,1,0,1,0,0,0,0,0,0
withastro/starlight,efab6a5fc99b8504,1,0,1,1,0,1,0,40,2
withastro/starlight,0bcd59acd2356a88,1,0,1,1,0,1,0,40,2
withastro/starlight,ded76a066c537050,1,0,1,1,0,1,0,40,3
withastro/starlight,ebd74cebc0603c20,1,0,1,1,0,1,0,40,4
wxWidgets/wxWidgets,bdcf65d517aa1ed0,1,1,1,0,1,0,1127,0,0
xbmc/xbmc,98f8d5e54006a79d,1,0,1,0,1,0,126,0,0
xbmc/xbmc,5308e11d02e71920,1,0,1,0,1,0,126,0,1
xbmc/xbmc,1149f93c04cd96fe,1,0,1,0,1,0,126,0,2
xbmc/xbmc,e4f6c675229fc4f6,1,0,1,1,1,0,126,0,7
xbmc/xbmc,34d0b0b6881934bd,1,0,1,0,1,0,126,0,0
xbmc/xbmc,e9f2846f87e38f98,1,0,1,1,1,0,126,0,1
xournalpp/xournalpp,ab5e6fb07a065cde,1,0,1,0,1,0,1,0,0
xournalpp/xournalpp,00a66edce54b9ad9,1,1,1,0,1,0,1,0,2
xournalpp/xournalpp,6d9fcf6c7b24e3f4,1,0,1,0,1,0,1,0,2
xournalpp/xournalpp,532f6c8a0e933359,1,0,1,0,1,0,1,0,0
xournalpp/xournalpp,9c1efc651fd4bbe1,1,0,1,0,1,0,1,0,0
xournalpp/xournalpp,db634e3952c6c711,1,0,1,0,1,0,1,0,0
xournalpp/xournalpp,f5707c983e086803,0,0,1,0,1,0,54,0,0
xournalpp/xournalpp,d2b4b64684b38769,1,0,1,0,1,0,1,0,0
yiisoft/yii2,bb6d92ef0c5eff31,1,0,0,0,0,0,0,0,1
yiisoft/yii2,e6a3dd2628f9c50a,1,0,0,0,0,0,0,0,3
yiisoft/yii2,13401ec35bcceac4,1,0,0,0,0,0,0,0,5
yiisoft/yii2,99bfcbf49dab757a,0,1,1,1,1,1,1,1,0
yiisoft/yii2,72359478a9d7e739,1,0,0,0,0,0,0,0,4
yiisoft/yii2,4760f44ad00c338e,1,0,0,0,0,0,0,0,2
yiisoft/yii2,a17ce21668dde055,1,0,0,0,0,0,0,0,2
yugabyte/yugabyte-db,62fa44a2786e8a13,1,0,0,0,0,0,0,0,1
yugabyte/yugabyte-db,d2e769bfb4d4e1fa,1,0,0,0,0,0,0,0,2
zed-industries/zed,0bfe97d422eca8c2,0,0,1,1,1,1,453,453,8
zed-industries/zed,81050a24d2a45e7c,1,0,1,1,0,1,0,453,197
zed-industries/zed,7145c9b07d735fa9,1,0,1,1,1,1,999,448,0
zed-industries/zed,e434af22b3787c52,1,0,1,1,1,1,999,448,6
zed-industries/zed,5056c2f7365c7435,1,0,1,0,1,0,999,0,197
zed-industries/zed,3e9627631213861d,1,0,1,1,1,1,999,448,56
zed-industries/zed,41b91ef9370e666e,1,0,1,1,1,1,999,448,2
zeek/zeek,0fea8d983406a06f,1,0,1,0,1,1,78,10,0
zeek/zeek,153fa71f366b109a,1,0,1,1,1,1,78,74,7
zeek/zeek,095cdb238e86609c,1,0,1,1,1,1,78,118,0
zeek/zeek,9a3e02eb4b13e6a9,1,0,1,1,1,1,78,118,3
zeek/zeek,00b1d38f60da9756,1,0,1,0,1,1,78,3,0
zeek/zeek,fd4ed504d3be528b,1,0,1,0,1,1,78,3,1
zeek/zeek,e0dd486bfcaf42ec,1,0,1,0,1,1,78,3,0
zeek/zeek,2c099011df88de6b,1,0,1,1,1,1,669,5,0
zeek/zeek,df19b26653a1b1e4,1,0,1,0,1,1,78,10,1
zeek/zeek,3cf9e4a0c07d6343,1,0,1,0,1,1,78,1,0
zeek/zeek,1cd42fe3ea59219e,1,0,1,0,1,1,78,10,1
zeek/zeek,5be110066caed3b8,1,0,1,0,1,1,78,10,0
zeek/zeek,9b7355621053ac87,1,0,1,0,1,1,78,31,6
zeek/zeek,3fbeb7fb8feceb11,1,0,1,0,1,1,78,67,0
zeek/zeek,6f4c3c81797c83c3,1,1,1,1,1,1,78,669,9
zeek/zeek,70794414de1ddfa8,1,1,1,1,1,1,78,669,2
zeek/zeek,1967e23391bf2d86,1,0,1,0,1,1,78,6,0
zeek/zeek,5da873a4c6a437a1,1,1,1,1,1,1,78,669,1
zeek/zeek,b2cfa3e0d94e6e4b,1,1,1,1,1,1,78,669,1
zeek/zeek,9992c6b6cccacf80,1,0,1,1,1,1,78,118,6
zeromq/libzmq,9726252739e491dd,1,0,0,0,0,0,0,0,0
zeromq/libzmq,8e30e16237e649bc,1,0,0,0,0,0,0,0,0
zeromq/libzmq,061abd151dc48713,1,0,0,0,0,0,0,0,0
zeromq/libzmq,ba212a4606ba2289,1,0,0,0,0,0,0,0,0
zeromq/libzmq,25e3ff5c1ffe3535,1,0,0,0,0,0,0,0,0
zeromq/libzmq,562874686b94df42,1,0,0,0,0,0,0,0,0
zeromq/libzmq,8243f3f5b675b515,1,0,0,1,0,0,0,0,0
zeromq/libzmq,0f3d2f95690ec3d3,1,0,0,0,0,0,0,0,0
zeromq/libzmq,152d5d491bb86493,0,0,0,0,0,0,0,0,1
zeromq/libzmq,714ff56361bfedd5,1,0,0,0,0,0,0,0,0
zeromq/libzmq,a8dfc85c200224d0,1,0,0,0,0,0,0,0,0
zeromq/libzmq,d7d905742457828e,1,0,0,0,0,0,0,0,0
zeux/meshoptimizer,cb0618c14c125bb7,1,0,1,0,1,0,757,0,1
