repo,sha,complete,age_years,lines_visible,visible,age_bin
AUTOMATIC1111/stable-diffusion-webui,9c54b78d9dde5601e916f308d9a9d6953ec39430,True,1.1964038139782494,1138,True,1-2
ArduPilot/ardupilot,85172b56467668bee9fa0e68081027b13bc18c4a,True,2.8564966600755444,20,True,2-3
BLAKE3-team/BLAKE3,3e14f865d30271c74fc68d417af488ea91b66d48,True,2.8621866998757826,1,True,2-3
CherryHQ/cherry-studio,4ac8a388347ff35f34de42c3ef4a2f81f03fb3b1,True,1.231940958754785,46,True,1-2
EFForg/rayhunter,9fe75ac961c57e508bf7488ce51d596750fa8d37,True,1.4431364869318326,578,True,1-2
Giskard-AI/giskard-oss,7e9ea13e0d06f6d0a1cf1821ee39a08511d02f03,True,3.3105030800821353,0,False,3-5
Giskard-AI/giskard-oss,c75f43099c1fa1ee3863aa5d38eeaafa2f78d745,True,3.310507769919132,3,True,3-5
Giskard-AI/giskard-oss,f7bbe212aec81c3c4bd8aadff08080ab82d31cee,True,2.7398904225923393,2,True,2-3
ManimCommunity/manim,24025b60d57301b0a59754c38d77bccd8ed69feb,True,2.3549387786143434,97,True,2-3
PostgresApp/PostgresApp,5c54667350bf5475799ab678ff443e62cfb05c36,True,1.6163804915456181,79,True,1-2
PostgresApp/PostgresApp,93d23787898bff1d331d6ca0a937d97b0191b164,True,6.903855933277562,0,False,>5
PostgresApp/PostgresApp,a3662502047d49c0f98d3eedfc98b833b1c343db,True,1.6283566557659646,336,True,1-2
Stirling-Tools/Stirling-PDF,14d4fbb2a36195eedb034785e5a5ff6a47f268c6,True,1.2491086140897913,0,False,1-2
Stirling-Tools/Stirling-PDF,55d4fda01b2f39f5b7d7b4fda5214bd7ff0fd5dd,True,2.63422227926078,177,True,2-3
Stirling-Tools/Stirling-PDF,5f771b785130154ed47952635b7acef371ffe0ec,True,2.7516752224503764,0,False,2-3
Stirling-Tools/Stirling-PDF,7fa5e130d99227c2202ebddfdd91348176ec0c7b,True,1.2333194856389587,0,False,1-2
Stirling-Tools/Stirling-PDF,ee8030c1c4148062cde15c49c67d04ef03930c55,True,1.271591977843689,0,False,1-2
XAMPPRocky/tokei,d7c548537cd5828b2d58e09f3207ddacc517b227,True,5.936799503130783,12,True,>5
XAMPPRocky/tokei,f356d27ab21e0f93839da90393c0edf9225740c2,True,6.471169448880777,802,True,>5
ZoneMinder/zoneminder,6c9983155c65848a3e67976445cd20fb4fbfe108,True,5.65152194716962,399,True,>5
a2aproject/A2A,0f8d9750bcb17f6b8b9f48793b46f7b8510cae24,True,1.4013985220675844,38,True,1-2
bentoml/OpenLLM,1488fbb167a0ae5b0770f33f50a7ee7f7b2223c9,True,2.7685463406596194,4,True,2-3
bentoml/OpenLLM,46c890480640294c3f34706d595559c7ea97dac5,True,2.7607208723096814,0,False,2-3
bentoml/OpenLLM,69aae34cf4e6995edf2e2dc1a669fc4bdecf959a,True,2.506545649859305,0,False,2-3
bentoml/OpenLLM,727361ced761c82351ff539fcafa7af62fb5e2f0,True,2.2050580525768755,0,False,2-3
bentoml/OpenLLM,787ce1b3b63ecbacde371550f46fa7429f3e4db2,True,2.765954381828783,0,False,2-3
bentoml/OpenLLM,7d893e6cd217ddfe845210503c8f2cf1667d16b6,True,2.7408299427079372,0,False,2-3
bentoml/OpenLLM,806a663e4aa2b174969241f6e310e05762e233f0,True,2.757872810353132,0,False,2-3
bentoml/OpenLLM,8c2867d26dfff8a4cf33bc59d5a8dee159f3256a,True,2.82902369001445,0,False,2-3
bentoml/OpenLLM,ac377fe490bd886cf76c3855e6a2a50fc0e03b51,True,2.551835976119857,0,False,2-3
bentoml/OpenLLM,b545ad2ad1e3acbb69f6578d8a5ee03613867505,True,2.746207221081451,0,False,2-3
bentoml/OpenLLM,c8c9663d06e49da327ed53a22bea79f78d808aa9,True,2.45547227926078,2,True,2-3
bentoml/OpenLLM,d04309188b8fccec6a3ff36a893099806f560551,True,2.501032936598474,0,False,2-3
bentoml/OpenLLM,eddbc063743b198d72c21bd7dced59dbd949b9f1,True,2.7682062007250234,0,False,2-3
boto/boto3,50d25e9b90a74763d4f2fa411fa6a5092fcaa98c,True,2.304903002763201,57,True,2-3
cmderdev/cmder,126347025f9cade241beff182738b2527da7535e,True,1.7470003422313485,0,False,1-2
cmderdev/cmder,1cfba25beb46c74bb1debca2bcfe7ac470e96172,True,1.8213807767384085,0,False,1-2
cmderdev/cmder,3859f6ffc088b2ae78748abc84986f4adcadcd41,True,3.7742118855679774,13,True,3-5
cmderdev/cmder,67de97a492c9389f95499db38f9474a1c20ec585,True,10.22131030243111,0,False,>5
cmderdev/cmder,a0d085f93eaa69c22449d0217e8daf9eaea2b180,True,0.7617417040586103,0,False,<1
cmderdev/cmder,abbab3f8b477e917d0a175d0de23cce121096631,True,3.829050815017619,20,True,3-5
cmderdev/cmder,be44bac95670b1cbbc91bd657882d985989846f9,True,0.7609214262174563,504,True,<1
cmderdev/cmder,d6569192fc91167f555c3eff58402ff01f1197ea,True,8.372721182852942,0,False,>5
cmderdev/cmder,efb3338f5cf0eec21e8a75abc62ee14965cb4a7e,True,3.7736073402286614,1,True,3-5
cmderdev/cmder,f6bc623284914489e891bbac923feb774c862b99,True,0.7675112809592618,0,False,<1
coder/code-server,9b0340a09276f93c054d705d1b9a5f24cc5dbc97,True,1.799245158060182,12,True,1-2
dbcli/mycli,4c8b5bfb314ed8998b8652613f0669fe58537a62,True,0.5172657616548787,2,True,<1
dbcli/mycli,9dbad2c5be3786eacbb127362b9b37f41b4d4785,True,0.5172675361877963,0,False,<1
dbcli/mycli,d891e5ae670c44b96ecd79fca36da91748d8c44a,True,0.5172572375592567,0,False,<1
dbcli/mycli,eb4526c66f141734b806d4782968135772f39557,True,0.5172829365984739,9,True,<1
dotnet/runtime,1b46271bd978040090987df603c062a715f0af65,True,0.5372358797880701,0,False,<1
dotnet/runtime,29123fc5becb2b883b9a335392bf8f1fa709b3e9,True,0.5372356579714553,941,True,<1
dotnet/runtime,2ab9d88c8dd2431fc7a09527dd4adb24848a4ece,True,0.5372359431642457,521,True,<1
dotnet/runtime,2f4ec5f3f7ec88320804b5cabfb8fce5088b4dbd,True,0.5372356896595432,681,True,<1
dotnet/runtime,2fdb93ffc36e8c55b713b017e566deae4438938b,True,0.5383221157502471,0,False,<1
dotnet/runtime,35d6f5a8e0323294d7b9ff4bea3c4213a3db2ccb,True,0.5372358480999823,1659,True,<1
dotnet/runtime,42f56409dc3c7f2443d28230e3e17c50df9d5629,True,0.5372357847238066,1436,True,<1
dotnet/runtime,43fc659bc9145cab1a4a73aae73ac853bc330256,True,0.5372358164118944,471,True,<1
dotnet/runtime,6fbf6a2dd6b5c701119368c08276a3ba552b6683,True,0.5372358797880701,3051,True,<1
dotnet/runtime,7932b9d8847f277d1fdfe0375a71c35c0a6969f3,True,0.537235721347631,1380,True,<1
dotnet/runtime,7aa69f096ff5b56e3669b0fe344b85b04426a52e,True,0.5372357530357188,333,True,<1
dotnet/runtime,81e8f3b4f28894173c6cd3a3a76c4e7f856e8a66,True,0.5372358164118944,3498,True,<1
dotnet/runtime,83fa3f4a0493c9c57f44c7cb6e77bb5dfb05ea91,True,0.5372359748523335,329,True,<1
dotnet/runtime,b22c2d115c34e36fa5711caae405e8ee1292d167,True,0.5372356579714553,1133,True,<1
dotnet/runtime,b3e810d361b0652e4caa9476b88cb66f4ed1eed2,True,0.5372356262833675,1246,True,<1
dotnet/runtime,b5a1146dcfd341e93178530625503dd4fdff5126,True,0.5372356262833675,1345,True,<1
dotnet/runtime,b91cb52f3b3f23cdb45ac7234a7cab974cbed9af,True,0.5372359114761579,1987,True,<1
dotnet/runtime,ba70358a247a319a5e2895fde84b2579172f3d2b,True,0.5372357847238066,1682,True,<1
dotnet/runtime,cdc50607148e41906aafb60e2aeb6aa392d1a249,True,0.537235721347631,1901,True,<1
dotnet/runtime,d49754129145a19ad7aa5a69122e58d09375f4ac,True,0.5372359748523335,333,True,<1
dotnet/runtime,d682279be75df3debe5413c5fed486cfdabc3534,True,0.5372359114761579,0,False,<1
emacs-lsp/lsp-mode,1530757b9c66c88ef77cf97bd023211de9833ed0,True,6.1124481899764245,0,False,>5
emacs-lsp/lsp-mode,1c18d4362d7cacc3b4ef8ff5cc9f336c123a89e5,True,6.112572502344919,6,True,>5
emacs-lsp/lsp-mode,220d67462810db2c445ce80efc11eb9151cb2917,True,6.006695154257612,2,True,>5
emacs-lsp/lsp-mode,3678cf7c6c1f949b39759867aefaa735cef8de17,True,6.008047063148021,9,True,>5
emacs-lsp/lsp-mode,485d8d23d096cb98aa9b79249a3c96c25ad61e6a,True,6.357405981443455,2,True,>5
emacs-lsp/lsp-mode,48e53d1f4c9558fd88a4ea66bb40312c6558b01b,True,6.05612708190737,0,False,>5
emacs-lsp/lsp-mode,57a33363aa03a38a1c5a57019362735cebdd15a4,True,6.006698893451974,107,True,>5
emacs-lsp/lsp-mode,ad632a1de8e2f3fc337527d1c9644299558d9bda,True,6.006965263518138,0,False,>5
emacs-lsp/lsp-mode,b08232485c050708ea261405ced8d704a5861d49,True,6.11350023449185,0,False,>5
emacs-lsp/lsp-mode,bac42c50b370f3716f258506dc1ae9f62906313f,True,6.311899795928714,7,True,>5
emacs-lsp/lsp-mode,c7199f6bd95d174b20bb5f6fb4e7b24c6ce1784a,True,6.08765771161305,0,False,>5
enso-org/enso,0aa7d7ee4d969ec8e8f9d376e72741dca324fdf6,True,3.1811969224529113,0,False,3-5
enso-org/enso,5f1333a519235b27fc04457de1fd07b1a0128073,True,2.3670728762643547,0,False,2-3
enso-org/enso,c46262dfb5777fd17c246e1b39ec7039778a63a2,True,1.8593883882171014,1045,True,1-2
enso-org/enso,c822256e6c531e56e894f9f92654654f63cfd6bc,True,4.588421521281719,0,False,3-5
enyo/dropzone,567490b6d9ac61d4694507690039febc5fc5474f,True,0.09287366593150304,34,True,<1
getsops/sops,72cebfd8a13ff59dd72712b711f08787c9cc6b0a,True,1.4840134547620858,62,True,1-2
guardian/frontend,744c3b90418a47f0fadff5138c7c3923bf7d6fec,True,0.8645394770197987,5,True,<1
guardian/frontend,ae850e298ab1a91fca24d7fd6f290c096f8f2e46,True,0.4429207544299947,1,True,<1
huggingface/transformers,8008e6c83e1467dbe0ae3c81d19b29c17f4ff456,True,0.6285470377975512,2287,True,<1
ipython/ipython,0233e65d8086d0ec34acb8685b7a5411633f0899,True,5.741508574796563,0,False,>5
ipython/ipython,50624b84ccdece781750f5eb635a9efbf2fe30d6,True,5.741508131163333,55,True,>5
ipython/ipython,6e748726282d1acb9a4f9f264ee679c474c4b8f5,True,6.394480917433518,0,False,>5
ipython/ipython,9c7476a88af3e567426b412f1b3c778401d8f6aa,True,5.7413850229421755,1,True,>5
ipython/ipython,a6a7e4dd7e51b892147895006d3a2a6c34b79ae6,True,5.741508543108474,0,False,>5
ipython/ipython,b7aaa47412b96379198705955004930c57f9d74a,True,5.741385054630263,12,True,>5
ipython/ipython,c5ca5a8f25432dfd6b9eccbbe446a8348bf37cfa,True,5.741508162851421,2,True,>5
jemalloc/jemalloc,554185356bf990155df8d72060c4efe993642baf,True,1.363823104418587,69,True,1-2
jenkinsci/docker,9ade9569a658c0ed27107915d7597fcc98d7a577,True,1.5148497667756737,82,True,1-2
jupyter/notebook,a7717d90f128368296fe3434deba5acd6031edab,True,4.491866143179456,109,True,3-5
libfuse/sshfs,d54c7ecbd618afb4df524e0d96dec7fe7cc2935d,True,5.045683448677973,91,True,>5
libusb/libusb,0780695dc99f1431dea0570ba33ae1f73dee8133,True,0.32079438867340987,28,True,<1
libusb/libusb,173ba594e7d42a5b9974ca8513a41ec50e93a624,True,0.32079438867340987,273,True,<1
libusb/libusb,bdec8ee57fedc0c313ee1f2955a94d9955aebaa9,True,0.32079438867340987,2,True,<1
linera-io/linera-protocol,359c74a60671e54cd017eda7b0622e3c4a5c6c0b,True,2.465080075797906,1,True,2-3
linera-io/linera-protocol,f0a4fad16b59fdf726f03eed9d523dbabd610402,True,2.4704071602403226,0,False,2-3
linuxmint/cinnamon,18d2377f8839c842232e096570d7b25a46953f39,True,3.91233474662205,22,True,3-5
linuxmint/cinnamon,19fa83fb64c300a4a3ca22b5e42ff082fe260bae,True,3.531427041346617,58,True,3-5
linuxmint/cinnamon,367ff2c0c9719495a85bc9100d75460003f43865,True,2.8717563439551803,171,True,2-3
lllyasviel/stable-diffusion-webui-forge,9c54b78d9dde5601e916f308d9a9d6953ec39430,True,2.111424474611504,1069,True,2-3
markbates/goth,042f5311fcab71f9bd8ac33c1e25597799eb34d7,True,2.9553584556493524,59,True,2-3
mruby/mruby,61e8a540869c57ebddac53cf9d243db407d57fff,True,5.246652375339062,0,False,>5
mruby/mruby,650ffb9d8410e1ae2206890ef6e2a8643c600454,True,12.66567942429082,0,False,>5
mruby/mruby,6fc5dc986a5ffc1a74c63ad0617ea1dcc10d3cdd,True,5.406410500164778,134,True,>5
mruby/mruby,90ab714fda6825c4e951d47d7e6ecff033dd14e3,True,1.6938172421223414,69,True,1-2
nix-darwin/nix-darwin,dc1c716ded39758062ed7e6bc410ad274119de9f,True,1.5283058597611985,78,True,1-2
ohmybash/oh-my-bash,5cd1f0eb1668f06bf20378d6d4308fd4a1890581,True,3.3819783190103174,74,True,3-5
oven-sh/bun,4ec410e0d7c5f6a712c323444edbf56b48d432d8,True,1.4549951834106523,0,False,1-2
oven-sh/bun,6b4662ff55f58247cc2fd22e85b4f9805b0950a5,True,1.2985152863335614,0,False,1-2
oven-sh/bun,dedd433cbf2e2fe38e51bc166e08fbcc601ad42b,True,1.3015881118969757,0,False,1-2
postgresml/postgresml,5d91e570a567c4b9059e66b36421b007d00f889f,True,3.1524022739371818,230,True,3-5
psf/requests,2a6f290bc09324406708a4d404a88a45d848ddf9,True,4.397113056759703,1549,True,3-5
py-pdf/pypdf,444fca22836df061d9d23e71ffb7d68edcdfa766,True,4.418463793190864,0,False,3-5
py-pdf/pypdf,a89ff74d8c0203278a039d9496a3d8df4d134f84,True,4.257247826197176,0,False,3-5
py-pdf/pypdf,baeb7d23278de0f8d00ca9f2b656bf0674f08937,True,4.2060575899307935,0,False,3-5
py-pdf/pypdf,eef03d935dfeacaa75848b39082cf94d833d3174,True,4.424901798615864,8,True,3-5
pythonnet/pythonnet,fd7c7e1cbd8e1d7bdb2ec2423c3cf9f95a3abed1,True,0.8054928448297716,218,True,<1
quarto-dev/quarto-cli,809462301b7e19d95dcf160ae9a85e1fe2c49b0d,True,1.0956035630085939,73,True,1-2
reduxjs/redux,312a170df2467536e93362a052b77eb33adcb698,True,5.336298546150531,67,True,>5
rust-lang/mdBook,154e0fb3080c6ffc225b0d47b5d835e589789892,True,8.341892444292341,0,False,>5
rust-lang/mdBook,1d69ccae4854f13552d452d0bffef95cbff70364,True,8.127400024082947,1,True,>5
rust-lang/mdBook,2f59943c04f0aa204a9238d6a699ba9cc06c88d9,True,6.714781954267751,0,False,>5
rust-lang/mdBook,3688f73052454bf510a5acc85cf55aae450c6e46,True,8.076453342459503,0,False,>5
rust-lang/mdBook,382fc4139b96bde3c4b8875b499c720eabc89c6a,True,8.958532492965244,1,True,>5
rust-lang/mdBook,5835da243244bfc5c95c6c6db96f453da4bb5740,True,8.155645042715543,1,True,>5
rust-lang/mdBook,742dbbc91700dce1b7d910bca6b3e10a5ae46b86,True,7.790893699140619,2,True,>5
rust-lang/mdBook,75bbd55128083897d40c3f5265cc5b1f10314ddb,True,9.333686053438791,0,False,>5
rust-lang/mdBook,ad0794a0bd692e4f2ff23b85e361889620e93f51,True,10.504294369660558,0,False,>5
rust-lang/mdBook,b88839cc25a6fd1c782101e94318959e8079bb20,True,6.978469718863285,0,False,>5
rust-lang/mdBook,c7b67e363bb9ce3383636ee615e8e761bf185b33,True,1.1541960098359825,8,True,1-2
rust-lang/mdBook,fd9d27e082f5e9eea50e4fa9fa3a22060d02c66b,True,8.150219281567674,3,True,>5
rust-windowing/winit,2665c120981af548433645c6383b3580dd8f8fc4,True,2.217587237305752,2,True,2-3
rust-windowing/winit,3398ebe467c43ccfd91916c5b81ff3c68f598556,True,2.160206638020635,43,True,2-3
rust-windowing/winit,7b0c7b6cb2c62767ca0c73c857b299883f55a883,True,2.4148780959261793,40,True,2-3
semantic-release/semantic-release,272af210523804de782b3076f05e56bcb4aeeb8f,True,3.2143652242249092,1,True,3-5
wkentaro/labelme,1b2f32ce683938d1ede0ecf956cd59e85cce0fba,True,1.5084883197708316,0,False,1-2
wkentaro/labelme,1f7ece25e26ed4e421a2dff3782217967f0443aa,True,1.50832265444774,0,False,1-2
wkentaro/labelme,28dd12c1d641fe8b0b528eda9cab75a7fe0de7f6,True,1.5085013752630112,0,False,1-2
wkentaro/labelme,34cff8833a442cfcea231e9bc5a719351f92427d,True,1.5084938018100236,0,False,1-2
wkentaro/labelme,39c9e2a979ebe52575e0e14be32ec5793e93e9fd,True,1.5084969072426293,0,False,1-2
wkentaro/labelme,4aba96809ca188f1a13f353a843cdb09c631ad22,True,1.5085101845514235,0,False,1-2
wkentaro/labelme,4c0ef54052a7fd15715be8e8a2f5ba39fba4efaa,True,1.5084812216391614,0,False,1-2
wkentaro/labelme,50719a6268d9948e2bd08034e3ea7308d13c1bea,True,1.5085089804040865,0,False,1-2
wkentaro/labelme,5c9808446a179176c721bd7a59d621b41c95898c,True,6.295832255938348,99,True,>5
wkentaro/labelme,5e75e6cddf913e51ae413e58233c456bffba72ef,True,1.5084928511673892,0,False,1-2
wkentaro/labelme,6a44111aded17402d03715f8b5d816a3ba19ba2f,True,1.5084934215529697,0,False,1-2
wkentaro/labelme,6ba57e4a7467f73a6f388716c477639826186db6,True,1.5084798907394732,0,False,1-2
wkentaro/labelme,80f5a31723e6be3ae614e68a4aeaef8abec2162c,True,1.508491140010647,0,False,1-2
wkentaro/labelme,8a9cb1918d35c01abc804b40acb61f34bf8d4fc7,True,1.5083184716201485,0,False,1-2
wkentaro/labelme,9998f0042bcf5287625dbcee8e900c026474a0fe,True,1.5084964636094,0,False,1-2
wkentaro/labelme,af7f402a4f6d93ac8fe5c71beb60cd9d11beb342,True,1.023286878596598,0,False,1-2
wkentaro/labelme,cbb6d829725f531bdb3cb30bcb13213604a4fe31,True,1.5084953228382387,0,False,1-2
wkentaro/labelme,e63d1b8374f7b706a91c51e7ca9478a092a81bbb,True,1.5083235734022866,0,False,1-2
wkentaro/labelme,e83f3d68a69fe0a9a33c744fa428efb7a2a176b2,True,1.5084900309275737,0,False,1-2
wkentaro/labelme,f3ab366983d82c9dfabc576de9fd87f68a8417ea,True,1.0730903173878876,0,False,1-2
wkentaro/labelme,f6f03ddee51f984fd15f7ea6524849e316bc4be7,True,6.764136055973839,0,False,>5
xournalpp/xournalpp,24fb01b6d3f288eede54fe83fb92ef903e342ab5,True,11.41610242857505,3,True,>5
xournalpp/xournalpp,4cf542b0a54ee6dac98acbe5fa54374271017de9,True,6.860252078738561,1,True,>5
xournalpp/xournalpp,985d0946e79a42159ab8192680af65836f22be8d,True,6.854171071310873,0,False,>5
xournalpp/xournalpp,a2e98f4bd72d60f3c6e142e7f97f7b1992743173,True,6.875283228128882,84,True,>5
xournalpp/xournalpp,a3634d7ce464bf2eda1a9ff3a1dd710d8c2e50a5,True,11.522420684716202,0,False,>5
xournalpp/xournalpp,bf3c63fee3445b318dfb36369a686a033a159e1b,True,6.750549376378432,427,True,>5
xournalpp/xournalpp,e241ee1a5ffab6867cad2e1c6ab07a41c900a392,True,12.744012440743276,0,False,>5
xournalpp/xournalpp,eeca67514f50149a3414519933a48742bc481a35,True,6.874120021801405,1,True,>5
zeux/meshoptimizer,3dea31b5c248594a62f49a3e41fc88d7ceae2de3,True,2.184539096762745,502,True,2-3
zeux/meshoptimizer,52e8e1f61712928a36b5257a894bb098a4a98b22,True,2.028085976119857,155,True,2-3
zeux/meshoptimizer,bb4aa0e1372751b74425e77c9a42f972971568bf,True,7.946780680406621,2341,True,>5
