repo,ndcg_RAW,ndcg_W,ndcg_WMC,ndcg_DECLARED,hit1_RAW,hit1_W,hit1_WMC,hit1_DECLARED,files
11ty/buildawesome,0.704743802857166,0.704743802857166,0.704743802857166,0.7539531690476384,0.2,0.2,0.2,0.3333333333333333,15
AUTOMATIC1111/stable-diffusion-webui,0.6381162431557688,0.7514590630475775,0.7514590630475775,0.7655588137091828,0.2,0.5,0.5,0.6,10
ApeWorX/web3.py,0.6346661000720943,0.6698345370934163,0.6295230458554827,0.5778239072867859,0.36363636363636365,0.36363636363636365,0.36363636363636365,0.36363636363636365,11
App-vNext/Polly,1.0,0.46533827903669656,0.43067655807339306,0.46533827903669656,1.0,0.0,0.0,0.0,2
ArduPilot/ardupilot,0.4293720107284805,0.4293720107284805,0.4293720107284805,0.4293720107284805,0.0,0.0,0.0,0.0,1
BLAKE3-team/BLAKE3,0.0,0.0,0.0,0.0,0.0,0.0,0.0,0.0,1
Bash-it/bash-it,0.9538662191964322,0.769331095982161,0.769331095982161,0.8154648767857288,0.875,0.375,0.375,0.5,8
BerriAI/litellm,0.8791986403023384,0.8791986403023384,0.8791986403023384,0.8791986403023384,0.0,0.0,0.0,0.0,2
Bogdanp/dramatiq,0.25469537776351875,0.2578256456805796,0.25469537776351875,0.2689991774419519,0.0,0.0,0.0,0.0,7
CapSoftware/Cap,0.6399884781898153,0.765137432287166,0.809259195046859,0.7507353289605497,0.16666666666666666,0.3888888888888889,0.4444444444444444,0.3333333333333333,18
CesiumGS/cesium,0.4471663739252918,0.35426529434170767,0.2714050979852227,0.19372088668831433,0.09090909090909091,0.09090909090909091,0.09090909090909091,0.09090909090909091,11
CherryHQ/cherry-studio,0.6848739478882954,0.7336522445303003,0.7079901201372105,0.7639736537005193,0.4444444444444444,0.5555555555555556,0.5555555555555556,0.5555555555555556,9
Choices-js/Choices,0.7315852753246964,0.7651371159091093,0.7315852753246964,0.7315852753246964,0.2727272727272727,0.36363636363636365,0.2727272727272727,0.2727272727272727,11
Cog-Creators/Red-DiscordBot,0.47074856052341585,0.48711477971984807,0.48711477971984807,0.464373637751477,0.0,0.0,0.0,0.0,4
EFForg/rayhunter,0.8283373498985147,0.8371619801239096,0.825366694221372,0.8508746547569042,0.5333333333333333,0.5666666666666667,0.5333333333333333,0.5333333333333333,15
EsotericSoftware/spine-runtimes,0.8142372937618226,0.8694480931424114,0.8694480931424114,0.8142372937618226,0.47368421052631576,0.631578947368421,0.631578947368421,0.47368421052631576,19
Eventual-Inc/Daft,0.6732730032515613,0.6752854512464883,0.6649093145615088,0.660005647275036,0.38461538461538464,0.38461538461538464,0.3076923076923077,0.3076923076923077,13
FEX-Emu/FEX,0.714585494242087,0.8495322052833331,0.8068179599907939,0.8637083583548613,0.2727272727272727,0.6363636363636364,0.6363636363636364,0.6363636363636364,11
Flagsmith/flagsmith,0.6532066691442283,0.6569466877866219,0.6334798978282029,0.5677279577460602,0.2,0.2,0.2,0.2,15
Giskard-AI/giskard-oss,0.24361511835736754,0.28659876360564995,0.32958240885393236,0.32958240885393236,0.0,0.0,0.0,0.0,9
GoogleCloudPlatform/generative-ai,0.746679293849224,0.7305576128157166,0.7100537102363531,0.6856985053277337,0.3333333333333333,0.2777777777777778,0.2222222222222222,0.16666666666666666,18
JuliaLang/julia,0.35651939696905116,0.35374875004825507,0.3525954500387501,0.35651939696905116,0.4166666666666667,0.4166666666666667,0.4166666666666667,0.4166666666666667,12
Kong/insomnia,0.7137746388750066,0.7207443339217737,0.6990290166147399,0.6712432083095035,0.4666666666666667,0.4666666666666667,0.4666666666666667,0.4,15
Lightning-AI/pytorch-lightning,0.20965031191494907,0.20965031191494907,0.27981374690912014,0.2741257797873727,0.0,0.0,0.0,0.0,3
MaaAssistantArknights/MaaAssistantArknights,0.9134015924715543,0.9134015924715543,0.9134015924715543,0.9134015924715543,0.0,0.0,0.0,0.0,1
MaartenGr/BERTopic,0.4069046458757657,0.4069046458757657,0.39882270353537586,0.3303277659946544,0.0,0.0,0.0,0.0,7
ManimCommunity/manim,0.25481972810086356,0.25481972810086356,0.24599114559113042,0.26726139285191736,0.14285714285714285,0.14285714285714285,0.14285714285714285,0.14285714285714285,14
MetaMask/metamask-extension,0.21925360652163084,0.24662416796853917,0.16487123143774568,0.21232126232897014,0.0,0.0,0.0,0.0,5
NVIDIA/DALI,0.5408992038942716,0.5613633180045966,0.5540593595314548,0.6542762071046697,0.16666666666666666,0.16666666666666666,0.16666666666666666,0.3333333333333333,6
NVIDIA/cuml,0.4554118871733555,0.45549509167271957,0.3944437572237758,0.43969360759066295,0.0,0.0,0.06666666666666667,0.0,15
NicolasHug/Surprise,0.7539531690476383,0.7539531690476383,0.7539531690476383,0.7539531690476383,0.3333333333333333,0.3333333333333333,0.3333333333333333,0.3333333333333333,3
NixOS/nix,0.7006291011395511,0.704074620970379,0.6973059717386169,0.7001443161291023,0.42105263157894735,0.42105263157894735,0.42105263157894735,0.42105263157894735,19
OSGeo/gdal,0.477855680857722,0.48960808583069143,0.4606979979190752,0.5420902274869842,0.21052631578947367,0.21052631578947367,0.15789473684210525,0.21052631578947367,19
OctoPrint/OctoPrint,0.8551549589285763,0.793643251190486,0.793643251190486,0.793643251190486,0.6666666666666666,0.5,0.5,0.5,6
OpenMW/openmw,0.3667938037302283,0.33385501364714265,0.3706150988137452,0.38548758011667744,0.0,0.0,0.0,0.0,4
OpenRCT2/OpenRCT2,0.7933451188914722,0.49432855471612264,0.5097822878348457,0.49356296356636004,0.62,0.0,0.13333333333333333,0.0,25
OpenVPN/openvpn,0.5619707581949159,0.5745314994452547,0.5590948507894814,0.5441710069999819,0.15789473684210525,0.15789473684210525,0.15789473684210525,0.15789473684210525,19
OrchardCMS/OrchardCore,1.0,0.581831095982161,0.5981973151785931,0.5567994465449029,1.0,0.0,0.0,0.0,4
PHP-CS-Fixer/PHP-CS-Fixer,0.6786229091741547,0.6505094986559554,0.6878691920102018,0.6545477427410671,0.3157894736842105,0.2631578947368421,0.3157894736842105,0.2631578947368421,19
Portkey-AI/gateway,0.7139366786834882,0.7136563130780523,0.7136563130780523,0.6904872726444424,0.4,0.4,0.4,0.4,10
PostgresApp/PostgresApp,0.8443439803434017,0.8443439803434017,0.8443439803434017,0.8443439803434017,0.6,0.6,0.6,0.6,10
PrismLauncher/PrismLauncher,0.38805831973071636,0.39024629997321436,0.2996058008786974,0.4080702110163099,0.0,0.0,0.0,0.0,11
PyGithub/PyGithub,0.6648428822204211,0.6648428822204211,0.6157442246311245,0.6648428822204211,0.16666666666666666,0.16666666666666666,0.25,0.16666666666666666,12
Qiskit/qiskit,0.6226309128580328,0.615237353395855,0.5671870857919459,0.4587219797132986,0.13636363636363635,0.13636363636363635,0.13636363636363635,0.13636363636363635,22
RSS-Bridge/rss-bridge,0.7539531690476383,0.8769765845238192,0.8769765845238192,0.7956176024115139,0.3333333333333333,0.6666666666666666,0.6666666666666666,0.6666666666666666,3
Rapptz/discord.py,0.6151810501970761,0.6151810501970761,0.6151810501970761,0.6013817606525128,0.5,0.5,0.5,0.5,8
Redot-Engine/redot-engine,0.0,0.0,0.0,0.0,0.0,0.0,0.0,0.0,2
RfidResearchGroup/proxmark3,0.895296669107713,0.9250327033204045,0.9250327033204045,0.8732288079355395,0.5833333333333334,0.8333333333333334,0.8333333333333334,0.5416666666666666,12
SWE-agent/SWE-agent,0.9416265860193764,0.9406025435534682,0.9416265860193764,0.9416265860193764,0.9,0.9,0.9,0.9,10
SixLabors/ImageSharp,0.9134864841764303,0.7417790935894132,0.7363011247345568,0.7367616429111749,0.875,0.375,0.375,0.375,8
Stirling-Tools/Stirling-PDF,0.5928114129568194,0.6813715472641508,0.6694153384512673,0.68477523377341,0.0,0.16666666666666666,0.16666666666666666,0.16666666666666666,6
TagStudioDev/TagStudio,0.5534515073992166,0.5534515073992166,0.9553006156934356,0.5534515073992166,0.0,0.0,1.0,0.0,1
TeamAmaze/AmazeFileManager,0.8154648767857288,1.0,1.0,1.0,0.5,1.0,1.0,1.0,2
TypeStrong/ts-node,1.0,1.0,1.0,1.0,1.0,1.0,1.0,1.0,5
WebAssembly/binaryen,0.5028365826121344,0.509538884415645,0.4791655988034683,0.46390381290311783,0.2777777777777778,0.3333333333333333,0.3333333333333333,0.16666666666666666,18
WebAssembly/wabt,0.48562822531051403,0.4710597098984408,0.4681323226507841,0.49461890936880126,0.11764705882352941,0.11764705882352941,0.11764705882352941,0.11764705882352941,17
WordPress/gutenberg,0.3576303080990502,0.3280624448636238,0.29947353321012327,0.39279874512037216,0.18181818181818182,0.09090909090909091,0.0,0.18181818181818182,11
XAMPPRocky/tokei,0.0,0.0,0.0,0.0,0.0,0.0,0.0,0.0,1
XRPLF/rippled,0.2845530171580805,0.2828674882796632,0.1782060538334148,0.37181967909338126,0.0,0.0,0.0,0.0,13
YOURLS/YOURLS,1.0,1.0,1.0,1.0,1.0,1.0,1.0,1.0,9
ZoneMinder/zoneminder,0.5236218879408441,0.6068824846827238,0.6068824846827238,0.6398750311795449,0.0,0.25,0.25,0.25,4
a2aproject/A2A,0.796654115699717,0.796654115699717,0.796654115699717,0.796654115699717,1.0,1.0,1.0,1.0,1
aio-libs/aiohttp,0.5548868104447197,0.5223512708361013,0.5008985817292535,0.5311573790486795,0.125,0.125,0.125,0.125,16
alicevision/Meshroom,0.5795301889917882,0.5477978683491784,0.5149202939721251,0.5247309779473945,0.125,0.0625,0.0,0.0,8
alshedivat/al-folio,0.7334783432833157,0.713075168850132,0.6814539519952354,0.6720673636914051,0.4444444444444444,0.4444444444444444,0.4444444444444444,0.3333333333333333,9
angr/angr,0.4991515389727318,0.47015318352117935,0.455088618426611,0.5383498885981073,0.043478260869565216,0.043478260869565216,0.08695652173913043,0.043478260869565216,23
angular/angular,0.43391729729426604,0.43391729729426604,0.38732367808894114,0.5550149490251691,0.0,0.0,0.0,0.16666666666666666,6
ankidroid/Anki-Android,0.72210998873317,0.678240755186243,0.6939689453284772,0.579241159443298,0.4166666666666667,0.3333333333333333,0.4166666666666667,0.20833333333333334,24
ansible/ansible,0.34429273142867184,0.3344814198056176,0.3297880830777209,0.34429273142867184,0.2,0.2,0.2,0.2,5
apache/airflow,0.9008584467227322,0.9020563809016888,0.8885065967158471,0.901107735255922,0.9090909090909091,0.9090909090909091,0.9090909090909091,0.9090909090909091,11
apache/flink,0.03095771924398574,0.23068158186931942,0.23068158186931942,0.23068158186931942,0.0,0.0,0.0,0.0,1
apache/hbase,0.4821315434523954,0.4821315434523954,0.40970902291668354,0.4821315434523954,0.16666666666666666,0.16666666666666666,0.0,0.16666666666666666,6
apache/iotdb,0.47695536540920996,0.47536207128889985,0.39814039583419725,0.5173810052345788,0.07142857142857142,0.07142857142857142,0.07142857142857142,0.07142857142857142,14
apache/maven,0.7618366492470648,0.7429384911600421,0.6701175873977325,0.7618366492470648,0.6666666666666666,0.6666666666666666,0.6666666666666666,0.6666666666666666,3
apollographql/apollo-client,0.8158680738351933,0.8202007889556063,0.8202007889556063,0.8370493287946483,0.625,0.625,0.625,0.625,8
apple/foundationdb,0.261192156244039,0.30681951148834036,0.2996976895459184,0.3076143588863438,0.10526315789473684,0.10526315789473684,0.10526315789473684,0.10526315789473684,19
apple/swift-nio,0.3,0.3,0.3,0.3545019576871956,0.2,0.2,0.2,0.2,5
asdf-vm/asdf,0.3490037092775224,0.3424632532940095,0.3424632532940095,0.3490037092775224,0.0,0.0,0.0,0.0,4
aseprite/aseprite,0.9386076576690247,0.4787472630949309,0.4787472630949309,0.4787472630949309,1.0,0.0,0.0,0.0,2
astral-sh/ruff,0.7240796254828783,0.7270070127305349,0.717207535723224,0.7240796254828783,0.47058823529411764,0.47058823529411764,0.4117647058823529,0.47058823529411764,17
astropy/astropy,0.3432317149178611,0.3240181745251818,0.3118086405862023,0.40387499625745826,0.07692307692307693,0.07692307692307693,0.07692307692307693,0.15384615384615385,13
babel/babel,0.6758967650473875,0.6406614506376384,0.6586028346695671,0.638672517343866,0.5,0.375,0.4375,0.375,16
baserow/baserow,0.28969182377587843,0.28969182377587843,0.3670623852227868,0.28969182377587843,0.0,0.0,0.0,0.0,5
beetbox/beets,0.6621719573190904,0.6743750433958071,0.6585862149880465,0.3400731393678481,0.42857142857142855,0.42857142857142855,0.38095238095238093,0.09523809523809523,21
beeware/toga,0.43067655807339306,0.43067655807339306,0.4197206203636802,0.43067655807339306,0.0,0.0,0.0,0.0,2
bentoml/OpenLLM,0.5,0.5,0.5,0.5,0.0,0.0,0.0,0.0,2
binwiederhier/ntfy,0.4480074185550448,0.44252944970018837,0.44252944970018837,0.4370514808453319,0.0,0.0,0.0,0.0,4
biomejs/biome,0.5378041130069291,0.5418945205004058,0.5594045236132572,0.5404703992348755,0.23076923076923078,0.23076923076923078,0.23076923076923078,0.23076923076923078,13
bitsandbytes-foundation/bitsandbytes,0.8226931307201847,0.6947763850931772,0.6947763850931772,0.6487488524424998,0.6153846153846154,0.3076923076923077,0.3076923076923077,0.15384615384615385,13
bitwarden/clients,0.5146448509606864,0.508636470847101,0.4927816029669343,0.4960444926203866,0.2727272727272727,0.2727272727272727,0.303030303030303,0.2727272727272727,11
bitwarden/server,0.8333333333333334,0.6028005783038507,0.5809789527086078,0.49614866016307574,0.6666666666666666,0.16666666666666666,0.16666666666666666,0.16666666666666666,6
blender/blender,0.6144400572082679,0.6082089873418532,0.6029810936847879,0.6043632238829675,0.4166666666666667,0.4166666666666667,0.4166666666666667,0.4166666666666667,12
borgbackup/borg,0.9461772557291709,0.9461772557291709,0.9615551826636936,0.9022770319940537,0.8541666666666666,0.8541666666666666,0.8958333333333334,0.75,24
boto/boto3,0.06516605853611233,0.06516605853611233,0.19411699428095955,0.06507721945702268,0.0,0.0,0.0,0.0,3
bpftrace/bpftrace,0.5070004282178957,0.49600714156350756,0.49202714912835777,0.48825184896694235,0.15384615384615385,0.15384615384615385,0.07692307692307693,0.15384615384615385,13
brndnmtthws/conky,0.4291962627450248,0.35734206460215784,0.338319253292592,0.3532505098030498,0.125,0.125,0.125,0.125,16
cakephp/cakephp,0.48781085251868733,0.47060881270207827,0.4906330596343855,0.47844039747105577,0.06666666666666667,0.13333333333333333,0.2,0.13333333333333333,15
chocolatey/choco,0.4367467095119258,0.4367467095119258,0.4367467095119258,0.4367467095119258,0.0,0.0,0.0,0.0,1
clash-verge-rev/clash-verge-rev,0.5844397981858167,0.5839920166009469,0.5431905664041851,0.6097122328198558,0.2222222222222222,0.16666666666666666,0.1111111111111111,0.2222222222222222,18
cloud-custodian/cloud-custodian,1.0,1.0,1.0,1.0,1.0,1.0,1.0,1.0,1
cloudflare/workerd,0.5096872506092968,0.5072819930886212,0.5325720727911386,0.5146426596909566,0.2857142857142857,0.2857142857142857,0.2857142857142857,0.2857142857142857,14
cmderdev/cmder,0.793643251190486,0.793643251190486,0.782089344202718,0.793643251190486,0.5,0.5,0.5,0.5,6
coder/coder,0.9175028337159622,0.7485141868312392,0.7367565881761804,0.7230683949548412,0.8695652173913043,0.4782608695652174,0.43478260869565216,0.4782608695652174,23
compiler-explorer/compiler-explorer,0.7,0.6841317445929078,0.8103176953071994,0.6817529365307935,0.6,0.6,0.6,0.6,5
conda/conda,0.5745785045242269,0.554701424805463,0.5355125605696391,0.5321572589242018,0.4375,0.375,0.375,0.25,16
curl/curl,0.5828967738340296,0.5813584109892284,0.5809929086558369,0.6014831770306661,0.09090909090909091,0.09090909090909091,0.09090909090909091,0.11363636363636363,22
dask/dask,0.47296254512296854,0.4753421357698199,0.4753421357698199,0.47910633693604815,0.42857142857142855,0.42857142857142855,0.42857142857142855,0.42857142857142855,7
dependabot/dependabot-core,0.4551500059767659,0.4633779548417195,0.4711079511765036,0.36132223069841085,0.125,0.125,0.125,0.125,16
dicedb/dicedb,0.0,0.0,0.0,0.0,0.0,0.0,0.0,0.0,3
discordjs/discord.js,0.6666666666666666,0.6666666666666666,0.5068451457383167,0.6666666666666666,0.6666666666666666,0.6666666666666666,0.3333333333333333,0.6666666666666666,3
discourse/discourse,0.6519794349789456,0.6299930650684215,0.6316785939468388,0.543989965803182,0.46153846153846156,0.3076923076923077,0.3076923076923077,0.23076923076923078,13
django/django,0.2103099178571525,0.2103099178571525,0.2103099178571525,0.2103099178571525,0.0,0.0,0.0,0.0,3
dlt-hub/dlt,0.8020538931626632,0.8020538931626632,0.8259402164101803,0.8297798019616353,0.5714285714285714,0.5714285714285714,0.6428571428571429,0.6428571428571429,14
dolphin-emu/dolphin,0.3217794263455655,0.3551549589285763,0.3987982101190621,0.3436010519408084,0.0,0.0,0.0,0.0,6
domaindrivendev/Swashbuckle.AspNetCore,0.9053228187089716,0.8316154122081517,0.7201781762381265,0.8143646694612937,0.8181818181818182,0.5454545454545454,0.2727272727272727,0.5454545454545454,11
dotnet/aspnetcore,0.38685280723454163,0.0,0.0,0.0,0.0,0.0,0.0,0.0,1
dotnet/msbuild,0.31546487678572877,0.31546487678572877,0.31546487678572877,0.31546487678572877,0.0,0.0,0.0,0.0,2
elastic/elasticsearch,0.09083659614532608,0.09083659614532608,0.0,0.0,0.0,0.0,0.0,0.0,3
electron/electron,0.30413444614173946,0.3162072135473644,0.32574402818777887,0.31363966248658864,0.058823529411764705,0.058823529411764705,0.08823529411764706,0.11764705882352941,17
electron/forge,0.7993517226974168,0.8130566707892932,0.8124107849838629,0.6843252953357867,0.5,0.5555555555555556,0.5555555555555556,0.3888888888888889,18
element-hq/element-web,0.6648246848591935,0.683740967741224,0.6905671535346106,0.6939704938765185,0.375,0.4166666666666667,0.4375,0.375,24
emacs-lsp/lsp-mode,0.24736384431256994,0.2732917748382262,0.21472460335006602,0.17619841407174408,0.125,0.125,0.125,0.0,8
emscripten-core/emscripten,0.41092241441832267,0.2925726133980053,0.22547219869898458,0.31633952221264694,0.0,0.0,0.0,0.0,7
enso-org/enso,0.6260198721558579,0.3958674422706145,0.3958674422706145,0.4189276174303659,0.4,0.2,0.2,0.2,5
eslint/eslint,0.28304889722833615,0.30929942819232403,0.30929942819232403,0.37531645883547177,0.0,0.25,0.25,0.25,4
espressif/esptool,0.831413604782412,0.8335347557637853,0.7772110740599588,0.8366862979724962,0.5588235294117647,0.5588235294117647,0.5,0.5588235294117647,17
eza-community/eza,0.6309297535714575,0.46533827903669656,0.43067655807339306,0.6309297535714575,0.0,0.0,0.0,0.0,1
falcosecurity/falco,0.18482231205426197,0.15258457811805018,0.17334801436308972,0.2520367643541138,0.0,0.0,0.0,0.0,8
firecracker-microvm/firecracker,0.27151639579638465,0.26608388596121507,0.23514308240415419,0.2753676981256406,0.0,0.0,0.0,0.0,9
fivetran/great_expectations,0.27251234004853825,0.3236079394456598,0.3236079394456598,0.27251234004853825,0.0,0.0,0.0,0.0,6
foliojs/pdfkit,0.5616356493685234,0.5044426843953368,0.4885560021762178,0.3533502552031402,0.18181818181818182,0.0,0.0,0.09090909090909091,11
fonttools/fonttools,0.35835876673042505,0.45062632833756067,0.40974986007216396,0.45062632833756067,0.0,0.25,0.25,0.25,4
foundry-rs/foundry,0.6506484541778318,0.6399904427740398,0.6487167217745826,0.6411198692779515,0.3888888888888889,0.3333333333333333,0.3888888888888889,0.3888888888888889,18
frappe/erpnext,0.3242986420959081,0.2699995325650603,0.2656853957948694,0.2874987948033528,0.0,0.0,0.0,0.0,7
frappe/frappe,0.7034612796193829,0.7034612796193829,0.7034612796193829,0.7144331631826841,0.5714285714285714,0.5714285714285714,0.5714285714285714,0.5714285714285714,7
frappe/hrms,0.37130393472519374,0.37130393472519374,0.3451179840109022,0.37130393472519374,0.0,0.0,0.0,0.0,5
gabime/spdlog,1.0,1.0,1.0,0.9615384615384616,1.0,1.0,1.0,0.9230769230769231,13
geopandas/geopandas,0.631264121976766,0.5973366509171258,0.6211920765035597,0.6563583224338754,0.2857142857142857,0.2857142857142857,0.2857142857142857,0.35714285714285715,14
getmoto/moto,0.49683687699334866,0.49683687699334866,0.5020423022838172,0.5032084586186132,0.08333333333333333,0.08333333333333333,0.08333333333333333,0.08333333333333333,12
getpelican/pelican,0.30681492073674427,0.42740652727474865,0.4216295737808647,0.6091081279762146,0.0,0.0,0.0,0.08333333333333333,12
getsentry/sentry,0.29261493104882336,0.2742348884655221,0.26990217334510913,0.3480432315009822,0.0,0.0,0.0,0.0,8
getsentry/sentry-javascript,0.5311575432827155,0.5311575432827155,0.5268633859083743,0.5311575432827155,0.14285714285714285,0.14285714285714285,0.14285714285714285,0.14285714285714285,7
getsops/sops,0.6289509357448472,0.6289509357448472,0.5059275202686664,0.6289509357448472,0.3333333333333333,0.3333333333333333,0.0,0.3333333333333333,3
gitbucket/gitbucket,0.8933800425833013,0.8450234416789836,0.8450234416789836,0.8450234416789836,0.875,0.875,0.875,0.875,8
gitextensions/gitextensions,0.3233700665987969,0.38784553447122044,0.32822275365117076,0.3092015753287508,0.0,0.0,0.0,0.0,3
github/codeql,0.5199585104128328,0.48711477971984807,0.3871464291571061,0.5199585104128328,0.125,0.125,0.0,0.125,8
gitkraken/vscode-gitlens,0.9669517572888927,0.9669517572888927,0.9669517572888927,0.9669517572888927,0.875,0.875,0.875,0.875,24
godotengine/godot,0.3167605611226243,0.22215533874139512,0.2389556257922165,0.23663811415329403,0.07142857142857142,0.07142857142857142,0.07142857142857142,0.07142857142857142,14
google/flax,0.6309297535714575,0.5,0.5,0.6309297535714575,0.0,0.0,0.0,0.0,1
google/gson,0.5035565121611999,0.5559284135897828,0.4648712314377457,0.5646931637575532,0.0,0.0,0.0,0.0,5
google/perfetto,0.8234113234268274,0.8226430876050242,0.7994944644580497,0.7795577640052984,0.55,0.55,0.525,0.525,20
graphql-dotnet/graphql-dotnet,1.0,0.7150142055803771,0.7231973151785931,0.706831095982161,1.0,0.25,0.25,0.25,8
growthbook/growthbook,0.606603616009101,0.603580512829371,0.5788558357703825,0.5417209275997384,0.29411764705882354,0.29411764705882354,0.29411764705882354,0.29411764705882354,17
grpc-ecosystem/grpc-gateway,0.7262287617954056,0.7262287617954056,0.7262287617954056,0.7262287617954056,1.0,1.0,1.0,1.0,1
grpc/grpc,0.38685280723454163,0.38685280723454163,0.19342640361727081,0.38685280723454163,0.0,0.0,0.0,0.0,1
guidance-ai/guidance,0.7937040565046638,0.762809277938815,0.7456676312922353,0.7988235069330282,0.6666666666666666,0.6,0.5333333333333333,0.6666666666666666,15
halide/Halide,0.9261859507142916,0.9261859507142916,0.9261859507142916,0.9261859507142916,0.8,0.8,0.8,0.8,5
hashicorp/nomad,0.5355143266672513,0.5325927432779946,0.5325927432779946,0.49171131836841386,0.13333333333333333,0.13333333333333333,0.13333333333333333,0.13333333333333333,15
highlight/highlight,0.43067655807339306,0.43067655807339306,0.43067655807339306,0.43067655807339306,0.0,0.0,0.0,0.0,1
home-assistant/core,0.4358106522495468,0.4324896964968761,0.43974683892800887,0.4230055885731716,0.2222222222222222,0.2222222222222222,0.2222222222222222,0.16666666666666666,18
hylang/hy,0.8633341091262979,0.849139099648277,0.8302377735746772,0.8644713421106869,0.7692307692307693,0.7307692307692307,0.6923076923076923,0.7692307692307693,13
ibis-project/ibis,0.7058347527086865,0.7008581943876699,0.7017954821153731,0.6515842053276726,0.5,0.5,0.5,0.5,10
icsharpcode/ILSpy,0.8684284733510529,0.8551984459701037,0.825435284131481,0.881007085541726,0.7222222222222222,0.6666666666666666,0.6111111111111112,0.7222222222222222,18
immutable-js/immutable-js,0.7,0.6392789260714373,0.6123212623289701,0.6630929753571457,0.6,0.4,0.4,0.5,5
instantdb/instant,0.7839240323218486,0.7730132195242273,0.7409154757202913,0.7839240323218486,0.4166666666666667,0.4166666666666667,0.3333333333333333,0.4166666666666667,12
instructure/canvas-lms,0.6378321293737989,0.6106736841729069,0.5144462487517698,0.4518929117799842,0.25,0.1875,0.1875,0.125,16
inventree/InvenTree,0.9154099610902302,0.9154099610902302,0.9154099610902302,0.9154099610902302,0.7894736842105263,0.7894736842105263,0.7894736842105263,0.7894736842105263,19
invoke-ai/InvokeAI,0.7712588262433768,0.7719931522724948,0.7115594860439234,0.7758980172009842,0.46153846153846156,0.46153846153846156,0.38461538461538464,0.46153846153846156,13
ipython/ipython,0.0,0.0,0.0,0.0,0.0,0.0,0.0,0.0,1
jart/cosmopolitan,1.0,1.0,1.0,1.0,1.0,1.0,1.0,1.0,5
javaparser/javaparser,0.46340704855234577,0.4878973227269256,0.5004279232680156,0.5400400120474068,0.2,0.2,0.2,0.2,25
jemalloc/jemalloc,0.5,0.5,0.5,0.43067655807339306,0.0,0.0,0.0,0.0,1
jenkinsci/docker,0.5796470426526605,0.19112757879585535,0.12069077656421597,0.5796470426526605,0.0,0.0,0.0,0.0,1
jenkinsci/jenkins,0.19342640361727081,0.19342640361727081,0.0,0.19342640361727081,0.0,0.0,0.0,0.0,1
joomla/joomla-cms,0.08354430589031452,0.0,0.0,0.0,0.0,0.0,0.0,0.0,1
jupyter/notebook,0.703635790165846,0.7402079752696363,0.7402079752696363,0.7223400406760542,0.2857142857142857,0.42857142857142855,0.42857142857142855,0.2857142857142857,7
jupyterlab/jupyterlab,0.4107538383472276,0.4107538383472276,0.4775049035132491,0.4107538383472276,0.0,0.0,0.0,0.0,3
jupytext/jupytext,1.0,1.0,1.0,1.0,1.0,1.0,1.0,1.0,10
laramies/theHarvester,0.502146795529162,0.4708670059173236,0.4737885893065804,0.5152578208511442,0.23333333333333334,0.2,0.2,0.23333333333333334,15
libgdx/libgdx,0.5,0.5,0.0,0.5,0.0,0.0,0.0,0.0,1
libp2p/rust-libp2p,0.4477726874499523,0.337243313954369,0.26338620051743994,0.4477726874499523,0.0,0.0,0.0,0.0,7
libvips/libvips,0.9518742623524282,0.9858672862182942,0.9822546191275894,0.9876742126214879,0.8,0.9,0.9,0.9,10
lichess-org/lila,0.9243270606226558,0.8847759312499563,0.8554220426776927,0.8934813913464007,0.7777777777777778,0.7222222222222222,0.6666666666666666,0.7777777777777778,18
lightgbm-org/LightGBM,0.9168837849698169,0.8866462448762832,0.8601580395641043,0.6616464489619752,0.8611111111111112,0.7777777777777778,0.7222222222222222,0.3888888888888889,18
linera-io/linera-protocol,0.27377123820459426,0.27377123820459426,0.27377123820459426,0.27377123820459426,0.0,0.0,0.0,0.0,1
linuxmint/cinnamon,0.5618116960204114,0.5502139129227438,0.506570661732258,0.5992273598115471,0.0,0.0,0.0,0.0,3
locustio/locust,0.565675042363746,0.565675042363746,0.537216469217692,0.572630324786902,0.0,0.0,0.0,0.0,4
macvim-dev/macvim,0.29032273923224206,0.2530631775826904,0.26817720703869513,0.2877848986269482,0.0,0.0,0.0,0.0,18
mamba-org/mamba,0.31258439844985,0.3101400951045716,0.288846849932713,0.35322733696005204,0.125,0.125,0.0,0.125,8
marimo-team/marimo,0.8739720487441489,0.8735339766117352,0.8526937833238629,0.8739720487441489,0.7727272727272727,0.7727272727272727,0.7045454545454546,0.7727272727272727,22
matomo-org/matomo,0.5538653669734136,0.5238747841180779,0.5073472905395182,0.4411769665750672,0.0,0.0,0.0,0.0,9
matplotlib/matplotlib,0.5483232914279996,0.5487067905054713,0.5252970496212193,0.5483232914279996,0.3,0.3,0.3,0.3,10
mermaid-js/mermaid-live-editor,1.0,1.0,1.0,1.0,1.0,1.0,1.0,1.0,19
mhammond/pywin32,0.6145635343750253,0.5981973151785931,0.5981973151785931,0.5981973151785931,0.0,0.0,0.0,0.0,8
micropython/micropython,0.6042653117576774,0.6479085629481633,0.6260869373529204,0.6479085629481633,0.3333333333333333,0.3333333333333333,0.3333333333333333,0.3333333333333333,3
microsoft/terminal,0.646474226157342,0.646474226157342,0.6099095691361693,0.646474226157342,0.4,0.4,0.4,0.4,5
microsoft/vscode,0.4525547585193242,0.41885767884124026,0.40471427974555796,0.49868853932289203,0.125,0.125,0.125,0.25,8
mlflow/mlflow,0.621282348079797,0.58027454292107,0.5598734768628775,0.5803958857427601,0.3333333333333333,0.2222222222222222,0.2222222222222222,0.3333333333333333,9
modelcontextprotocol/python-sdk,0.5112498327650347,0.5112498327650347,0.5025194525562942,0.4597986509269724,0.0,0.0,0.0,0.0,24
mongodb/mongo,0.2234887209335156,0.20393712733677488,0.18236893147712738,0.18236893147712738,0.0,0.0,0.0,0.0,11
mozilla/pdf.js,0.9010387715717705,0.9090340859841937,0.9005685669933218,0.8776935572140068,0.7272727272727273,0.7727272727272727,0.7272727272727273,0.6818181818181818,22
mruby/mruby,0.7335748541685378,0.7875006699908373,0.7875006699908373,0.7528136245145183,0.6,0.6,0.6,0.6,5
mui/material-ui,0.39016311405829207,0.3847872962218475,0.37559727493019684,0.42537425852723465,0.25,0.25,0.25,0.25,8
musescore/MuseScore,0.7020441327258795,0.538870250418428,0.5025372278678194,0.5460404154158914,0.42105263157894735,0.15789473684210525,0.15789473684210525,0.15789473684210525,19
n8n-io/n8n,0.5940741988597635,0.5496411846762655,0.5496411846762655,0.5940741988597635,0.2,0.2,0.2,0.2,5
nasa/openmct,0.542844435299052,0.7273795585133234,0.7652020460012373,0.7273795585133234,0.0,0.5,0.5,0.5,2
navidrome/navidrome,0.8730650621700202,0.8730650621700202,0.8730650621700202,0.8536061178991202,0.6956521739130435,0.6956521739130435,0.6956521739130435,0.6521739130434783,23
neovim/neovim,0.6524413671121688,0.5989042546886846,0.5821059118213979,0.5696921740893549,0.3888888888888889,0.3333333333333333,0.3333333333333333,0.3888888888888889,18
netblue30/firejail,0.40634347110405494,0.40634347110405494,0.402492168774799,0.37616445979108376,0.0,0.0,0.0,0.0,9
nix-community/home-manager,0.7392789260714372,0.665079020271641,0.665079020271641,0.4085325325930681,0.4,0.2,0.2,0.0,10
ntop/ntopng,0.6418525724669466,0.6432624876011128,0.7346107789278367,0.7200924826621753,0.32,0.36,0.52,0.36,25
observablehq/plot,0.8472590359776527,0.8580499052197913,0.8472590359776527,0.8195883667582529,0.5384615384615384,0.6153846153846154,0.5384615384615384,0.5384615384615384,13
obsproject/obs-studio,0.6269703249544095,0.6269703249544095,0.6269703249544095,0.6666666666666666,0.3333333333333333,0.3333333333333333,0.3333333333333333,0.3333333333333333,3
official-stockfish/Stockfish,0.5860854640206347,0.5144353508222081,0.49005176237618336,0.4540380256618182,0.36,0.24,0.2,0.2,25
ohmybash/oh-my-bash,0.8154648767857288,0.8154648767857288,0.8154648767857288,0.8154648767857288,0.5,0.5,0.5,0.5,2
onnx/onnx,0.13160416227176924,0.14124187959257264,0.11725973461628086,0.14315632870445277,0.0,0.0,0.0,0.0,12
openjdk/jdk,0.45369667650123285,0.45369667650123285,0.3907227874098279,0.4650113957777787,0.2,0.2,0.2,0.2,5
openscad/openscad,0.485944921127149,0.523737187667604,0.5286286103232288,0.5790792039569342,0.05,0.1,0.1,0.1,20
openssl/openssl,0.14517484404252545,0.10416703888379852,0.09795140791582234,0.10416703888379852,0.1111111111111111,0.0,0.0,0.0,9
orhun/git-cliff,0.456089302276728,0.6556975648865316,0.6758091587957078,0.6573164931409046,0.0625,0.5625,0.5625,0.5625,16
oven-sh/bun,0.6473543930125881,0.6327977912567191,0.5990553908850123,0.6473543930125881,0.38095238095238093,0.38095238095238093,0.3333333333333333,0.38095238095238093,21
oxc-project/oxc,0.6194174964241241,0.5902396081898681,0.5907829333771438,0.5952589513301139,0.225,0.15,0.2,0.175,20
paramiko/paramiko,0.677677864232783,0.677677864232783,0.6877493837382798,0.7023792118131891,0.38461538461538464,0.38461538461538464,0.38461538461538464,0.38461538461538464,13
payloadcms/payload,0.3948152090724931,0.4248558544381658,0.3835234025136741,0.49621362332558555,0.1111111111111111,0.1111111111111111,0.1111111111111111,0.1111111111111111,9
pbek/QOwnNotes,0.9736378395408184,0.9472756790816368,0.9472756790816368,0.933579014905293,0.9285714285714286,0.8571428571428571,0.8571428571428571,0.8571428571428571,14
phoenixframework/phoenix_live_view,0.9923885008626238,0.9923885008626238,0.9923885008626238,0.9020153041234392,1.0,1.0,1.0,0.8,10
playframework/playframework,0.4798259003917382,0.4540200654003372,0.4172258572513468,0.5252209963302792,0.2777777777777778,0.2222222222222222,0.2222222222222222,0.2777777777777778,9
portainer/portainer,0.6822116666945889,0.6971178144687193,0.7009691167979754,0.6460549281343511,0.3333333333333333,0.4444444444444444,0.4444444444444444,0.3333333333333333,9
postgres/postgres,0.5166079122954302,0.5014920232322922,0.4956643829835157,0.4640502490751597,0.25,0.20833333333333334,0.20833333333333334,0.20833333333333334,24
ppy/osu,0.8036402946749788,0.7879309266853288,0.7768719081941812,0.8036402946749788,0.4444444444444444,0.4444444444444444,0.4444444444444444,0.4444444444444444,9
prettier/prettier,0.5575464232170991,0.5575464232170991,0.5253086892808874,0.5575464232170991,0.3333333333333333,0.3333333333333333,0.3333333333333333,0.3333333333333333,12
psf/requests,0.8143914092670251,0.8143914092670251,0.8143914092670251,0.7575188563760197,0.5833333333333334,0.5833333333333334,0.5833333333333334,0.5,12
pwr-Solaar/Solaar,0.6352946373988456,0.6269824972679917,0.6385159424688837,0.6697659424688837,0.1875,0.21875,0.1875,0.25,16
py-pdf/pypdf,0.6504327052545477,0.6504327052545477,0.6504327052545477,0.6504327052545477,0.2,0.2,0.2,0.2,5
pydantic/pydantic,0.5088656119202829,0.5088656119202829,0.46038268284418876,0.5151841070736461,0.11764705882352941,0.11764705882352941,0.11764705882352941,0.11764705882352941,17
pyinfra-dev/pyinfra,0.9077324383928644,0.9077324383928644,0.9538662191964322,0.8615986575892965,0.75,0.75,0.875,0.625,8
pylint-dev/pylint,0.45259100778930983,0.374007907259257,0.3671537036917958,0.39722709803308337,0.36363636363636365,0.2727272727272727,0.2727272727272727,0.36363636363636365,11
pypa/pip,0.3261394492145779,0.3142367443444454,0.30226935963942125,0.32053887542868237,0.09090909090909091,0.09090909090909091,0.09090909090909091,0.09090909090909091,11
pytest-dev/pytest,0.5077456045055199,0.4852465773691507,0.5024223261068378,0.4764088377703356,0.26666666666666666,0.26666666666666666,0.3333333333333333,0.26666666666666666,15
python-pillow/Pillow,0.614364492036473,0.5948339096796743,0.5948339096796743,0.5383351796992416,0.4473684210526316,0.3684210526315789,0.3684210526315789,0.3157894736842105,19
python-telegram-bot/python-telegram-bot,0.7068053050735463,0.7079706465196459,0.7216690378362404,0.6554824999336828,0.3157894736842105,0.3157894736842105,0.39473684210526316,0.2631578947368421,19
python-trio/trio,0.30057660242687295,0.2999273264968722,0.28924833874829464,0.31891057040910503,0.0,0.0,0.0,0.0,12
python/mypy,0.5937467672196131,0.5945376117772618,0.5989133588291193,0.6291319077171276,0.45,0.45,0.5,0.475,20
pytorch/pytorch,0.24282724467507205,0.24621168897792414,0.2628970634265099,0.23062425595614253,0.125,0.125,0.125,0.0,8
pytorch/vision,0.27724615483260984,0.36277560771487805,0.38429857418571556,0.29987559338570147,0.0,0.0,0.0,0.0,5
qemu/qemu,0.2681797604179037,0.27060673784066275,0.23182854792093802,0.2681797604179037,0.08333333333333333,0.08333333333333333,0.08333333333333333,0.08333333333333333,12
qpdf/qpdf,0.5824338828579495,0.5824338828579495,0.570531177987817,0.577951745270013,0.0,0.0,0.0,0.0,11
qtile/qtile,0.43123472378302524,0.43123472378302524,0.3708535338591682,0.4783550928513067,0.18181818181818182,0.18181818181818182,0.18181818181818182,0.18181818181818182,11
quantumlib/Cirq,0.4705373573941227,0.4705373573941227,0.3876568775460061,0.49587382418566894,0.07692307692307693,0.07692307692307693,0.07692307692307693,0.07692307692307693,13
quarto-dev/quarto-cli,0.6309297535714575,0.6309297535714575,0.6309297535714575,0.6309297535714575,0.0,0.0,0.0,0.0,1
quartznet/quartznet,0.9839534675465851,0.9301212722049728,0.9301212722049728,0.9301212722049728,0.9565217391304348,0.8260869565217391,0.8260869565217391,0.8260869565217391,23
questdb/questdb,0.688392257920661,0.6816862492264978,0.6113415642339923,0.6380022638909443,0.2916666666666667,0.2916666666666667,0.25,0.25,24
rabbitmq/rabbitmq-server,0.27973848193609113,0.2772514729563453,0.24857003587843987,0.17184760626970755,0.041666666666666664,0.041666666666666664,0.041666666666666664,0.041666666666666664,24
rails/rails,0.24566728487958706,0.25,0.25,0.24133456975917414,0.125,0.125,0.125,0.125,8
rapid7/metasploit-framework,0.207938887245085,0.12725097884359782,0.12725097884359782,0.1261859507142915,0.0,0.0,0.0,0.0,5
ray-project/ray,0.22940806813328204,0.22940806813328204,0.07737056144690832,0.2337904432171672,0.2,0.2,0.0,0.2,5
react/react,0.5,0.6309297535714575,0.5,0.6309297535714575,0.0,0.0,0.0,0.0,1
readthedocs/readthedocs.org,0.3233079582602673,0.3233079582602673,0.10796967922357079,0.3579696792235708,0.0,0.0,0.0,0.0,2
redpanda-data/redpanda,0.4733550678326485,0.460565118556678,0.43377464667035687,0.4667988533049838,0.21052631578947367,0.21052631578947367,0.21052631578947367,0.21052631578947367,19
reduxjs/redux,0.6067770775076942,0.528559381372324,0.5405814259247499,0.6067770775076942,0.6,0.6,0.6,0.6,5
refined-github/refined-github,0.8779093598766575,0.8779093598766575,0.8702672784271133,0.8688726545905853,0.7,0.7,0.7,0.675,20
renpy/renpy,0.9765324742582933,0.9742167368620311,0.9742167368620311,0.969995429992311,0.9545454545454546,0.9545454545454546,0.9545454545454546,0.9545454545454546,22
rime/weasel,0.6309297535714575,0.75,0.75,0.8154648767857288,0.0,0.5,0.5,0.5,4
risingwavelabs/risingwave,0.46395574303306064,0.47026674009453084,0.3776331913664203,0.38528162011993156,0.2727272727272727,0.22727272727272727,0.22727272727272727,0.25,22
robotframework/robotframework,1.0,1.0,1.0,1.0,1.0,1.0,1.0,1.0,6
ruby/ruby,0.7314974663870568,0.6928397808434688,0.6985738222723613,0.7291479884209117,0.4230769230769231,0.3076923076923077,0.3076923076923077,0.4230769230769231,13
rust-lang/cargo,0.3220957503066737,0.34305947540696946,0.2999673526475851,0.30275310994494664,0.0,0.1,0.0,0.0,10
rust-lang/futures-rs,0.7404749027756259,0.7136812458536503,0.6850007904862443,0.742572674046398,0.44,0.4,0.36,0.44,25
rust-lang/mdBook,1.0,1.0,1.0,1.0,1.0,1.0,1.0,1.0,2
rust-lang/rust,0.33430994405527464,0.33430994405527464,0.33430994405527464,0.33430994405527464,0.0,0.0,0.0,0.0,3
rust-lang/rust-analyzer,0.3046337871855085,0.3238376565550845,0.31490591068841,0.3046337871855085,0.05263157894736842,0.10526315789473684,0.10526315789473684,0.05263157894736842,19
rust-windowing/winit,0.6697796443469036,0.6624958062167721,0.6500423002302048,0.6618748218978243,0.2,0.2,0.2,0.2,5
saltstack/salt,0.0,0.0,0.0,0.0,0.0,0.0,0.0,0.0,1
scikit-learn/scikit-learn,0.22305918524647392,0.224734412730615,0.22640964021475618,0.22305918524647392,0.0,0.0,0.0,0.0,6
scipy/scipy,0.28925339458463667,0.2871558998870282,0.2804659656493772,0.2871558998870282,0.16666666666666666,0.16666666666666666,0.16666666666666666,0.16666666666666666,12
scrapy/scrapy,0.8026166466060475,0.785840726313841,0.7826896607717226,0.8117330534295071,0.5909090909090909,0.5454545454545454,0.5454545454545454,0.5681818181818182,22
secdev/scapy,0.4926965669750801,0.4588787126535081,0.451324738483673,0.4926965669750801,0.25,0.16666666666666666,0.16666666666666666,0.25,12
semantic-release/semantic-release,0.5,0.5,0.5,0.5,0.0,0.0,0.0,0.0,1
serenity-rs/serenity,0.19342640361727081,0.09671320180863541,0.0,0.21533827903669653,0.0,0.0,0.0,0.0,2
shap/shap,0.562051480845332,0.5675294497001884,0.562051480845332,0.6076691395183482,0.25,0.25,0.25,0.25,4
simonw/datasette,0.9597984858766304,0.9450356760194887,0.9734582548649638,0.9397984858766304,0.9,0.86,0.94,0.86,25
software-mansion/react-native-reanimated,0.746724842109797,0.7768617792827048,0.7768617792827048,0.746724842109797,0.5,0.5,0.5,0.5,4
solidusio/solidus,0.35386877054828353,0.35386877054828353,0.35386877054828353,0.35386877054828353,0.0,0.0,0.0,0.0,3
spack/spack,0.6020700231530407,0.5851975111763256,0.5915716787726336,0.6352833892518449,0.23809523809523808,0.19047619047619047,0.19047619047619047,0.23809523809523808,21
sphinx-doc/sphinx,0.8154648767857288,0.8769765845238192,0.8769765845238192,0.8154648767857288,0.5,0.6666666666666666,0.6666666666666666,0.5,6
spring-projects/spring-boot,0.3516494546863649,0.37661707738872824,0.28261310318268706,0.42892707101716004,0.0,0.0,0.1111111111111111,0.0,9
spyder-ide/spyder,0.5650355549817141,0.5993497717516725,0.5993497717516725,0.6019543802453838,0.08333333333333333,0.5,0.5,0.5,12
sqlalchemy/sqlalchemy,0.9207215326578023,0.9235185665933916,0.9213932929028846,0.8753495277785579,0.9,0.9,0.9,0.8,20
statelyai/xstate,0.9630929753571458,0.9630929753571458,1.0,1.0,0.9,0.9,1.0,1.0,5
storybookjs/storybook,0.738714241172928,0.7224626963226365,0.7224626963226365,0.7407811957731815,0.5384615384615384,0.46153846153846156,0.46153846153846156,0.5384615384615384,13
streamlink/streamlink,0.9589921948412731,0.9794960974206366,0.9794960974206366,0.9589921948412731,0.8888888888888888,0.9444444444444444,0.9444444444444444,0.8888888888888888,18
supercollider/supercollider,0.46533827903669656,0.46533827903669656,0.46533827903669656,0.46533827903669656,0.0,0.0,0.0,0.0,1
symfony/symfony,0.47508035799926174,0.4761942999740072,0.44637141433219196,0.4926645765099227,0.36363636363636365,0.36363636363636365,0.2727272727272727,0.36363636363636365,11
teambit/bit,0.7309905899080746,0.7252136364141908,0.7004032021479442,0.7171913003635112,0.3333333333333333,0.3333333333333333,0.25,0.3333333333333333,12
tianocore/edk2,0.5559554885370377,0.35177822232369843,0.35177822232369843,0.33521907487022234,0.0,0.0,0.0,0.0,10
timber/timber,0.9104803297674057,0.7617771250948958,0.7400671105990992,0.5522686475730099,0.8235294117647058,0.4117647058823529,0.35294117647058826,0.17647058823529413,17
timescale/timescaledb,0.6781841122529875,0.6717280420693189,0.6631357760285607,0.6594170945374251,0.35294117647058826,0.29411764705882354,0.29411764705882354,0.3235294117647059,17
tmuxinator/tmuxinator,0.4158757838912636,0.3398297734023373,0.2851630621227317,0.279240498372164,0.14285714285714285,0.14285714285714285,0.14285714285714285,0.0,7
treeverse/dvc,0.31760856220729156,0.31596882626511963,0.26695772199703316,0.211731303526334,0.0,0.0,0.0,0.0,11
triton-lang/triton,0.42923921100201096,0.43600465662631094,0.44775819620334023,0.43272113520021604,0.0625,0.0625,0.125,0.0625,16
twisted/twisted,0.0,0.0,0.0,0.0,0.0,0.0,0.0,0.0,1
typelevel/cats,0.3333333333333333,0.3333333333333333,0.3333333333333333,0.3333333333333333,0.3333333333333333,0.3333333333333333,0.3333333333333333,0.3333333333333333,6
typescript-eslint/typescript-eslint,0.8017603012922055,0.7313310914913859,0.608307676015205,0.6512303710638552,0.3333333333333333,0.3333333333333333,0.0,0.3333333333333333,3
unionlabs/union,0.7891027163265472,0.7891027163265472,0.7891027163265472,0.7891027163265472,0.42857142857142855,0.42857142857142855,0.42857142857142855,0.42857142857142855,7
unit8co/darts,0.6202658202689793,0.6462355038248921,0.6170042913841115,0.6678241342363189,0.2777777777777778,0.3333333333333333,0.2777777777777778,0.3333333333333333,18
v8/v8,0.3989544366821124,0.3812193868551942,0.3778416327432782,0.3989544366821124,0.11764705882352941,0.11764705882352941,0.11764705882352941,0.11764705882352941,17
valhalla/valhalla,0.25056566928467183,0.29550514685204815,0.28051907122691366,0.3350791178622032,0.041666666666666664,0.16666666666666666,0.16666666666666666,0.16666666666666666,12
valkey-io/valkey,0.17744550176297366,0.19145069246242852,0.15118781900845826,0.21091263393339704,0.1,0.1,0.1,0.1,10
verl-project/verl,0.47614815715314357,0.47614815715314357,0.4574439066429354,0.36007649103070716,0.2857142857142857,0.2857142857142857,0.2857142857142857,0.2857142857142857,7
vim/vim,0.2672842068377235,0.2253325842787784,0.25027551267356085,0.26459708149094185,0.0,0.0,0.0,0.0,17
vitejs/vite,0.5384474738046859,0.5283759542991892,0.4946533628872546,0.5291610781530642,0.23076923076923078,0.23076923076923078,0.15384615384615385,0.15384615384615385,13
vosen/ZLUDA,0.8517509894549855,0.9218570917211028,0.9218570917211028,0.9218570917211028,0.47619047619047616,0.8095238095238095,0.8095238095238095,0.8095238095238095,21
vuejs/core,0.5,0.5,0.5,0.6309297535714575,0.0,0.0,0.0,0.0,1
vuejs/vue,1.0,1.0,1.0,1.0,1.0,1.0,1.0,1.0,1
wagtail/wagtail,0.21995634803220357,0.22916712915683551,0.21682608011514273,0.21995634803220357,0.0,0.0,0.0,0.0,7
wandb/wandb,0.40110735596000546,0.40137305766325115,0.3884587670745586,0.35935801120600463,0.1,0.1,0.1,0.1,20
web-infra-dev/rspack,0.586098923621108,0.5605563228979724,0.5330483174847201,0.588816459516667,0.30434782608695654,0.2608695652173913,0.17391304347826086,0.30434782608695654,23
withastro/astro,0.46508178314883103,0.4392915959998616,0.4823592518072009,0.4789489939161139,0.4,0.4,0.4,0.4,5
withastro/starlight,0.7459126393745794,0.7555371235727594,0.7599047848361734,0.7965023567336783,0.5,0.45,0.45,0.55,20
wkentaro/labelme,0.9614199641652644,0.9614199641652644,0.9614199641652644,0.9612424793440327,0.8958333333333334,0.8958333333333334,0.8958333333333334,0.8958333333333334,24
wxWidgets/wxWidgets,0.8825991106757304,0.8868496580567442,0.9071560476081204,0.8825991106757304,0.8,0.8,0.8,0.8,5
xbmc/xbmc,0.8662826244728928,0.7190412600557083,0.7263151352541226,0.700543115279583,0.6666666666666666,0.4444444444444444,0.4444444444444444,0.4444444444444444,9
xournalpp/xournalpp,0.3333333333333333,0.34063729180647523,0.34063729180647523,0.3333333333333333,0.3333333333333333,0.3333333333333333,0.3333333333333333,0.3333333333333333,3
yiisoft/yii2,0.23707720765163032,0.39175677358304345,0.3907941758046176,0.30658030400514485,0.0,0.0,0.0,0.0,10
youki-dev/youki,0.43067655807339306,0.43067655807339306,0.46533827903669656,0.46533827903669656,0.0,0.0,0.0,0.0,2
yugabyte/yugabyte-db,0.631353066732992,0.632500189320603,0.6168053163361633,0.6168053163361633,0.1111111111111111,0.2222222222222222,0.1111111111111111,0.1111111111111111,9
zed-industries/zed,0.3725914227337313,0.40290326662512327,0.35072498954522585,0.37381377057476306,0.17647058823529413,0.17647058823529413,0.17647058823529413,0.17647058823529413,17
zeek/zeek,0.6953545040453294,0.6413411032159088,0.627453208187987,0.6044051751284746,0.18181818181818182,0.2727272727272727,0.2727272727272727,0.36363636363636365,11
zeux/meshoptimizer,1.0,0.9832240797077936,0.9832240797077936,0.9832240797077936,1.0,0.9545454545454546,0.9545454545454546,0.9545454545454546,22
